suite,test,total_ms,ratio,median_ms,min_ms,cv_pct,status,device,vendor_id,device_id,driver,vulkan,compiler,config
original,"Buffer<R8>.Load uniform",42.9968,2.7940,1.20553,1.10128,26.51,ok,"AMD Radeon(TM) Graphics",0x1002,0x1638,"2.0.279",1.3.260,"dxc dxcompiler.dll: 1.9(5512-01b62ad4)(1.9.0.5512) - 1.9.0.5512 (01b62ad47)","default"
original,"Buffer<R8>.Load linear",35.7343,3.3619,1.09162,1.09060,15.43,ok,"AMD Radeon(TM) Graphics",0x1002,0x1638,"2.0.279",1.3.260,"dxc dxcompiler.dll: 1.9(5512-01b62ad4)(1.9.0.5512) - 1.9.0.5512 (01b62ad47)","default"
original,"Buffer<R8>.Load random",123.4158,0.9734,3.99588,3.99544,6.16,ok,"AMD Radeon(TM) Graphics",0x1002,0x1638,"2.0.279",1.3.260,"dxc dxcompiler.dll: 1.9(5512-01b62ad4)(1.9.0.5512) - 1.9.0.5512 (01b62ad47)","default"
original,"Buffer<RG8>.Load uniform",120.5492,0.9966,3.99624,3.99548,1.40,ok,"AMD Radeon(TM) Graphics",0x1002,0x1638,"2.0.279",1.3.260,"dxc dxcompiler.dll: 1.9(5512-01b62ad4)(1.9.0.5512) - 1.9.0.5512 (01b62ad47)","default"
original,"Buffer<RG8>.Load linear",120.3659,0.9981,3.99610,3.99544,1.19,ok,"AMD Radeon(TM) Graphics",0x1002,0x1638,"2.0.279",1.3.260,"dxc dxcompiler.dll: 1.9(5512-01b62ad4)(1.9.0.5512) - 1.9.0.5512 (01b62ad47)","default"
original,"Buffer<RG8>.Load random",120.3948,0.9978,3.99582,3.99540,1.69,ok,"AMD Radeon(TM) Graphics",0x1002,0x1638,"2.0.279",1.3.260,"dxc dxcompiler.dll: 1.9(5512-01b62ad4)(1.9.0.5512) - 1.9.0.5512 (01b62ad47)","default"
original,"Buffer<RGBA8>.Load uniform",119.9977,1.0011,3.99584,3.99548,0.28,ok,"AMD Radeon(TM) Graphics",0x1002,0x1638,"2.0.279",1.3.260,"dxc dxcompiler.dll: 1.9(5512-01b62ad4)(1.9.0.5512) - 1.9.0.5512 (01b62ad47)","default"
original,"Buffer<RGBA8>.Load linear",120.0268,1.0009,3.99584,3.99552,0.32,ok,"AMD Radeon(TM) Graphics",0x1002,0x1638,"2.0.279",1.3.260,"dxc dxcompiler.dll: 1.9(5512-01b62ad4)(1.9.0.5512) - 1.9.0.5512 (01b62ad47)","default"
original,"Buffer<RGBA8>.Load random",120.1340,1.0000,3.99588,3.99552,0.70,ok,"AMD Radeon(TM) Graphics",0x1002,0x1638,"2.0.279",1.3.260,"dxc dxcompiler.dll: 1.9(5512-01b62ad4)(1.9.0.5512) - 1.9.0.5512 (01b62ad47)","default"
original,"Buffer<R16f>.Load uniform",33.2045,3.6180,1.10046,1.10028,1.95,ok,"AMD Radeon(TM) Graphics",0x1002,0x1638,"2.0.279",1.3.260,"dxc dxcompiler.dll: 1.9(5512-01b62ad4)(1.9.0.5512) - 1.9.0.5512 (01b62ad47)","default"
original,"Buffer<R16f>.Load linear",33.1508,3.6239,1.09076,1.09036,4.79,ok,"AMD Radeon(TM) Graphics",0x1002,0x1638,"2.0.279",1.3.260,"dxc dxcompiler.dll: 1.9(5512-01b62ad4)(1.9.0.5512) - 1.9.0.5512 (01b62ad47)","default"
original,"Buffer<R16f>.Load random",120.5238,0.9968,3.99534,3.99528,1.39,ok,"AMD Radeon(TM) Graphics",0x1002,0x1638,"2.0.279",1.3.260,"dxc dxcompiler.dll: 1.9(5512-01b62ad4)(1.9.0.5512) - 1.9.0.5512 (01b62ad47)","default"
original,"Buffer<RG16f>.Load uniform",120.5737,0.9964,3.99556,3.99528,1.87,ok,"AMD Radeon(TM) Graphics",0x1002,0x1638,"2.0.279",1.3.260,"dxc dxcompiler.dll: 1.9(5512-01b62ad4)(1.9.0.5512) - 1.9.0.5512 (01b62ad47)","default"
original,"Buffer<RG16f>.Load linear",120.5516,0.9965,3.99560,3.99528,2.00,ok,"AMD Radeon(TM) Graphics",0x1002,0x1638,"2.0.279",1.3.260,"dxc dxcompiler.dll: 1.9(5512-01b62ad4)(1.9.0.5512) - 1.9.0.5512 (01b62ad47)","default"
original,"Buffer<RG16f>.Load random",120.8432,0.9941,3.99552,3.99524,2.55,ok,"AMD Radeon(TM) Graphics",0x1002,0x1638,"2.0.279",1.3.260,"dxc dxcompiler.dll: 1.9(5512-01b62ad4)(1.9.0.5512) - 1.9.0.5512 (01b62ad47)","default"
original,"Buffer<RGBA16f>.Load uniform",120.7628,0.9948,3.99560,3.99536,2.72,ok,"AMD Radeon(TM) Graphics",0x1002,0x1638,"2.0.279",1.3.260,"dxc dxcompiler.dll: 1.9(5512-01b62ad4)(1.9.0.5512) - 1.9.0.5512 (01b62ad47)","default"
original,"Buffer<RGBA16f>.Load linear",120.8734,0.9939,3.99568,3.99528,2.93,ok,"AMD Radeon(TM) Graphics",0x1002,0x1638,"2.0.279",1.3.260,"dxc dxcompiler.dll: 1.9(5512-01b62ad4)(1.9.0.5512) - 1.9.0.5512 (01b62ad47)","default"
original,"Buffer<RGBA16f>.Load random",120.9305,0.9934,3.99568,3.99528,2.96,ok,"AMD Radeon(TM) Graphics",0x1002,0x1638,"2.0.279",1.3.260,"dxc dxcompiler.dll: 1.9(5512-01b62ad4)(1.9.0.5512) - 1.9.0.5512 (01b62ad47)","default"
original,"Buffer<R32f>.Load uniform",33.4062,3.5962,1.10068,1.10024,3.10,ok,"AMD Radeon(TM) Graphics",0x1002,0x1638,"2.0.279",1.3.260,"dxc dxcompiler.dll: 1.9(5512-01b62ad4)(1.9.0.5512) - 1.9.0.5512 (01b62ad47)","default"
original,"Buffer<R32f>.Load linear",33.0705,3.6327,1.09112,1.09044,3.07,ok,"AMD Radeon(TM) Graphics",0x1002,0x1638,"2.0.279",1.3.260,"dxc dxcompiler.dll: 1.9(5512-01b62ad4)(1.9.0.5512) - 1.9.0.5512 (01b62ad47)","default"
original,"Buffer<R32f>.Load random",121.2804,0.9905,3.99560,3.99528,3.13,ok,"AMD Radeon(TM) Graphics",0x1002,0x1638,"2.0.279",1.3.260,"dxc dxcompiler.dll: 1.9(5512-01b62ad4)(1.9.0.5512) - 1.9.0.5512 (01b62ad47)","default"
original,"Buffer<RG32f>.Load uniform",121.2570,0.9907,3.99544,3.99524,3.29,ok,"AMD Radeon(TM) Graphics",0x1002,0x1638,"2.0.279",1.3.260,"dxc dxcompiler.dll: 1.9(5512-01b62ad4)(1.9.0.5512) - 1.9.0.5512 (01b62ad47)","default"
original,"Buffer<RG32f>.Load linear",121.4069,0.9895,3.99564,3.99528,3.43,ok,"AMD Radeon(TM) Graphics",0x1002,0x1638,"2.0.279",1.3.260,"dxc dxcompiler.dll: 1.9(5512-01b62ad4)(1.9.0.5512) - 1.9.0.5512 (01b62ad47)","default"
original,"Buffer<RG32f>.Load random",121.6762,0.9873,3.99554,3.99524,3.72,ok,"AMD Radeon(TM) Graphics",0x1002,0x1638,"2.0.279",1.3.260,"dxc dxcompiler.dll: 1.9(5512-01b62ad4)(1.9.0.5512) - 1.9.0.5512 (01b62ad47)","default"
original,"Buffer<RGBA32f>.Load uniform",121.9838,0.9848,3.99746,3.99612,4.23,ok,"AMD Radeon(TM) Graphics",0x1002,0x1638,"2.0.279",1.3.260,"dxc dxcompiler.dll: 1.9(5512-01b62ad4)(1.9.0.5512) - 1.9.0.5512 (01b62ad47)","default"
original,"Buffer<RGBA32f>.Load linear",122.3459,0.9819,3.99728,3.99592,4.59,ok,"AMD Radeon(TM) Graphics",0x1002,0x1638,"2.0.279",1.3.260,"dxc dxcompiler.dll: 1.9(5512-01b62ad4)(1.9.0.5512) - 1.9.0.5512 (01b62ad47)","default"
original,"Buffer<RGBA32f>.Load random",137.9195,0.8710,4.49618,4.49484,5.14,ok,"AMD Radeon(TM) Graphics",0x1002,0x1638,"2.0.279",1.3.260,"dxc dxcompiler.dll: 1.9(5512-01b62ad4)(1.9.0.5512) - 1.9.0.5512 (01b62ad47)","default"
original,"ByteAddressBuffer.Load uniform",34.0164,3.5317,1.10728,1.10672,5.29,ok,"AMD Radeon(TM) Graphics",0x1002,0x1638,"2.0.279",1.3.260,"dxc dxcompiler.dll: 1.9(5512-01b62ad4)(1.9.0.5512) - 1.9.0.5512 (01b62ad47)","default"
original,"ByteAddressBuffer.Load linear",33.6066,3.5747,1.09230,1.09060,5.42,ok,"AMD Radeon(TM) Graphics",0x1002,0x1638,"2.0.279",1.3.260,"dxc dxcompiler.dll: 1.9(5512-01b62ad4)(1.9.0.5512) - 1.9.0.5512 (01b62ad47)","default"
original,"ByteAddressBuffer.Load random",123.2388,0.9748,3.99732,3.99560,5.68,ok,"AMD Radeon(TM) Graphics",0x1002,0x1638,"2.0.279",1.3.260,"dxc dxcompiler.dll: 1.9(5512-01b62ad4)(1.9.0.5512) - 1.9.0.5512 (01b62ad47)","default"
original,"ByteAddressBuffer.Load2 uniform",49.6644,2.4189,1.61102,1.60968,5.70,ok,"AMD Radeon(TM) Graphics",0x1002,0x1638,"2.0.279",1.3.260,"dxc dxcompiler.dll: 1.9(5512-01b62ad4)(1.9.0.5512) - 1.9.0.5512 (01b62ad47)","default"
original,"ByteAddressBuffer.Load2 linear",123.2304,0.9749,3.99590,3.99556,5.73,ok,"AMD Radeon(TM) Graphics",0x1002,0x1638,"2.0.279",1.3.260,"dxc dxcompiler.dll: 1.9(5512-01b62ad4)(1.9.0.5512) - 1.9.0.5512 (01b62ad47)","default"
original,"ByteAddressBuffer.Load2 random",123.2189,0.9750,3.99626,3.99556,5.57,ok,"AMD Radeon(TM) Graphics",0x1002,0x1638,"2.0.279",1.3.260,"dxc dxcompiler.dll: 1.9(5512-01b62ad4)(1.9.0.5512) - 1.9.0.5512 (01b62ad47)","default"
original,"ByteAddressBuffer.Load3 uniform",65.2175,1.8421,2.11612,2.11248,5.48,ok,"AMD Radeon(TM) Graphics",0x1002,0x1638,"2.0.279",1.3.260,"dxc dxcompiler.dll: 1.9(5512-01b62ad4)(1.9.0.5512) - 1.9.0.5512 (01b62ad47)","default"
original,"ByteAddressBuffer.Load3 linear",123.4281,0.9733,3.99952,3.99580,5.33,ok,"AMD Radeon(TM) Graphics",0x1002,0x1638,"2.0.279",1.3.260,"dxc dxcompiler.dll: 1.9(5512-01b62ad4)(1.9.0.5512) - 1.9.0.5512 (01b62ad47)","default"
original,"ByteAddressBuffer.Load3 random",246.7263,0.4869,7.99232,7.99004,5.06,ok,"AMD Radeon(TM) Graphics",0x1002,0x1638,"2.0.279",1.3.260,"dxc dxcompiler.dll: 1.9(5512-01b62ad4)(1.9.0.5512) - 1.9.0.5512 (01b62ad47)","default"
original,"ByteAddressBuffer.Load4 uniform",81.0532,1.4822,2.63114,2.62428,4.72,ok,"AMD Radeon(TM) Graphics",0x1002,0x1638,"2.0.279",1.3.260,"dxc dxcompiler.dll: 1.9(5512-01b62ad4)(1.9.0.5512) - 1.9.0.5512 (01b62ad47)","default"
original,"ByteAddressBuffer.Load4 linear",123.1783,0.9753,4.00002,3.99600,4.42,ok,"AMD Radeon(TM) Graphics",0x1002,0x1638,"2.0.279",1.3.260,"dxc dxcompiler.dll: 1.9(5512-01b62ad4)(1.9.0.5512) - 1.9.0.5512 (01b62ad47)","default"
original,"ByteAddressBuffer.Load4 random",138.3774,0.8682,4.49946,4.49472,4.28,ok,"AMD Radeon(TM) Graphics",0x1002,0x1638,"2.0.279",1.3.260,"dxc dxcompiler.dll: 1.9(5512-01b62ad4)(1.9.0.5512) - 1.9.0.5512 (01b62ad47)","default"
original,"ByteAddressBuffer.Load2 unaligned uniform",49.4798,2.4279,1.60976,1.60848,4.23,ok,"AMD Radeon(TM) Graphics",0x1002,0x1638,"2.0.279",1.3.260,"dxc dxcompiler.dll: 1.9(5512-01b62ad4)(1.9.0.5512) - 1.9.0.5512 (01b62ad47)","default"
original,"ByteAddressBuffer.Load2 unaligned linear",122.9256,0.9773,3.99898,3.99540,4.29,ok,"AMD Radeon(TM) Graphics",0x1002,0x1638,"2.0.279",1.3.260,"dxc dxcompiler.dll: 1.9(5512-01b62ad4)(1.9.0.5512) - 1.9.0.5512 (01b62ad47)","default"
original,"ByteAddressBuffer.Load2 unaligned random",122.7952,0.9783,3.99820,3.99540,4.08,ok,"AMD Radeon(TM) Graphics",0x1002,0x1638,"2.0.279",1.3.260,"dxc dxcompiler.dll: 1.9(5512-01b62ad4)(1.9.0.5512) - 1.9.0.5512 (01b62ad47)","default"
original,"ByteAddressBuffer.Load4 unaligned uniform",80.4441,1.4934,2.62644,2.61776,3.90,ok,"AMD Radeon(TM) Graphics",0x1002,0x1638,"2.0.279",1.3.260,"dxc dxcompiler.dll: 1.9(5512-01b62ad4)(1.9.0.5512) - 1.9.0.5512 (01b62ad47)","default"
original,"ByteAddressBuffer.Load4 unaligned linear",122.6130,0.9798,3.99988,3.99564,3.72,ok,"AMD Radeon(TM) Graphics",0x1002,0x1638,"2.0.279",1.3.260,"dxc dxcompiler.dll: 1.9(5512-01b62ad4)(1.9.0.5512) - 1.9.0.5512 (01b62ad47)","default"
original,"ByteAddressBuffer.Load4 unaligned random",153.0033,0.7852,5.00500,4.99436,3.59,ok,"AMD Radeon(TM) Graphics",0x1002,0x1638,"2.0.279",1.3.260,"dxc dxcompiler.dll: 1.9(5512-01b62ad4)(1.9.0.5512) - 1.9.0.5512 (01b62ad47)","default"
original,"StructuredBuffer<float>.Load uniform",32.9694,3.6438,1.07980,1.07508,3.55,ok,"AMD Radeon(TM) Graphics",0x1002,0x1638,"2.0.279",1.3.260,"dxc dxcompiler.dll: 1.9(5512-01b62ad4)(1.9.0.5512) - 1.9.0.5512 (01b62ad47)","default"
original,"StructuredBuffer<float>.Load linear",33.5060,3.5854,1.09658,1.09148,3.61,ok,"AMD Radeon(TM) Graphics",0x1002,0x1638,"2.0.279",1.3.260,"dxc dxcompiler.dll: 1.9(5512-01b62ad4)(1.9.0.5512) - 1.9.0.5512 (01b62ad47)","default"
original,"StructuredBuffer<float>.Load random",122.6120,0.9798,4.00966,3.99568,3.67,ok,"AMD Radeon(TM) Graphics",0x1002,0x1638,"2.0.279",1.3.260,"dxc dxcompiler.dll: 1.9(5512-01b62ad4)(1.9.0.5512) - 1.9.0.5512 (01b62ad47)","default"
original,"StructuredBuffer<float2>.Load uniform",33.0954,3.6299,1.08226,1.07760,3.67,ok,"AMD Radeon(TM) Graphics",0x1002,0x1638,"2.0.279",1.3.260,"dxc dxcompiler.dll: 1.9(5512-01b62ad4)(1.9.0.5512) - 1.9.0.5512 (01b62ad47)","default"
original,"StructuredBuffer<float2>.Load linear",122.6244,0.9797,4.00792,3.99556,3.75,ok,"AMD Radeon(TM) Graphics",0x1002,0x1638,"2.0.279",1.3.260,"dxc dxcompiler.dll: 1.9(5512-01b62ad4)(1.9.0.5512) - 1.9.0.5512 (01b62ad47)","default"
original,"StructuredBuffer<float2>.Load random",122.6488,0.9795,4.00508,3.99572,3.86,ok,"AMD Radeon(TM) Graphics",0x1002,0x1638,"2.0.279",1.3.260,"dxc dxcompiler.dll: 1.9(5512-01b62ad4)(1.9.0.5512) - 1.9.0.5512 (01b62ad47)","default"
original,"StructuredBuffer<float4>.Load uniform",33.8724,3.5467,1.10596,1.10180,3.86,ok,"AMD Radeon(TM) Graphics",0x1002,0x1638,"2.0.279",1.3.260,"dxc dxcompiler.dll: 1.9(5512-01b62ad4)(1.9.0.5512) - 1.9.0.5512 (01b62ad47)","default"
original,"StructuredBuffer<float4>.Load linear",122.9267,0.9773,4.00806,3.99612,3.89,ok,"AMD Radeon(TM) Graphics",0x1002,0x1638,"2.0.279",1.3.260,"dxc dxcompiler.dll: 1.9(5512-01b62ad4)(1.9.0.5512) - 1.9.0.5512 (01b62ad47)","default"
original,"StructuredBuffer<float4>.Load random",138.5732,0.8669,4.49658,4.49492,4.03,ok,"AMD Radeon(TM) Graphics",0x1002,0x1638,"2.0.279",1.3.260,"dxc dxcompiler.dll: 1.9(5512-01b62ad4)(1.9.0.5512) - 1.9.0.5512 (01b62ad47)","default"
original,"cbuffer{float4} load uniform",34.0980,3.5232,1.10550,1.10344,4.20,ok,"AMD Radeon(TM) Graphics",0x1002,0x1638,"2.0.279",1.3.260,"dxc dxcompiler.dll: 1.9(5512-01b62ad4)(1.9.0.5512) - 1.9.0.5512 (01b62ad47)","default"
original,"cbuffer{float4} load linear",123.7282,0.9710,4.00986,3.99584,4.44,ok,"AMD Radeon(TM) Graphics",0x1002,0x1638,"2.0.279",1.3.260,"dxc dxcompiler.dll: 1.9(5512-01b62ad4)(1.9.0.5512) - 1.9.0.5512 (01b62ad47)","default"
original,"cbuffer{float4} load random",139.6324,0.8604,4.52052,4.49512,4.83,ok,"AMD Radeon(TM) Graphics",0x1002,0x1638,"2.0.279",1.3.260,"dxc dxcompiler.dll: 1.9(5512-01b62ad4)(1.9.0.5512) - 1.9.0.5512 (01b62ad47)","default"
original,"Texture2D<R8>.Load uniform",124.7532,0.9630,4.03210,3.99548,5.47,ok,"AMD Radeon(TM) Graphics",0x1002,0x1638,"2.0.279",1.3.260,"dxc dxcompiler.dll: 1.9(5512-01b62ad4)(1.9.0.5512) - 1.9.0.5512 (01b62ad47)","default"
original,"Texture2D<R8>.Load linear",125.3016,0.9588,4.04000,3.99552,5.98,ok,"AMD Radeon(TM) Graphics",0x1002,0x1638,"2.0.279",1.3.260,"dxc dxcompiler.dll: 1.9(5512-01b62ad4)(1.9.0.5512) - 1.9.0.5512 (01b62ad47)","default"
original,"Texture2D<R8>.Load random",125.6692,0.9560,4.05608,3.99540,6.23,ok,"AMD Radeon(TM) Graphics",0x1002,0x1638,"2.0.279",1.3.260,"dxc dxcompiler.dll: 1.9(5512-01b62ad4)(1.9.0.5512) - 1.9.0.5512 (01b62ad47)","default"
original,"Texture2D<RG8>.Load uniform",126.0262,0.9532,4.05890,3.99564,6.57,ok,"AMD Radeon(TM) Graphics",0x1002,0x1638,"2.0.279",1.3.260,"dxc dxcompiler.dll: 1.9(5512-01b62ad4)(1.9.0.5512) - 1.9.0.5512 (01b62ad47)","default"
original,"Texture2D<RG8>.Load linear",126.2657,0.9514,4.07958,3.99544,6.69,ok,"AMD Radeon(TM) Graphics",0x1002,0x1638,"2.0.279",1.3.260,"dxc dxcompiler.dll: 1.9(5512-01b62ad4)(1.9.0.5512) - 1.9.0.5512 (01b62ad47)","default"
original,"Texture2D<RG8>.Load random",126.4814,0.9498,4.09504,3.99548,6.71,ok,"AMD Radeon(TM) Graphics",0x1002,0x1638,"2.0.279",1.3.260,"dxc dxcompiler.dll: 1.9(5512-01b62ad4)(1.9.0.5512) - 1.9.0.5512 (01b62ad47)","default"
original,"Texture2D<RGBA8>.Load uniform",126.7460,0.9478,4.09654,3.99592,6.80,ok,"AMD Radeon(TM) Graphics",0x1002,0x1638,"2.0.279",1.3.260,"dxc dxcompiler.dll: 1.9(5512-01b62ad4)(1.9.0.5512) - 1.9.0.5512 (01b62ad47)","default"
original,"Texture2D<RGBA8>.Load linear",126.9369,0.9464,4.10696,3.99560,6.83,ok,"AMD Radeon(TM) Graphics",0x1002,0x1638,"2.0.279",1.3.260,"dxc dxcompiler.dll: 1.9(5512-01b62ad4)(1.9.0.5512) - 1.9.0.5512 (01b62ad47)","default"
original,"Texture2D<RGBA8>.Load random",127.0979,0.9452,4.11356,3.99584,6.81,ok,"AMD Radeon(TM) Graphics",0x1002,0x1638,"2.0.279",1.3.260,"dxc dxcompiler.dll: 1.9(5512-01b62ad4)(1.9.0.5512) - 1.9.0.5512 (01b62ad47)","default"
original,"Texture2D<R16F>.Load uniform",127.1518,0.9448,4.11110,3.99572,6.78,ok,"AMD Radeon(TM) Graphics",0x1002,0x1638,"2.0.279",1.3.260,"dxc dxcompiler.dll: 1.9(5512-01b62ad4)(1.9.0.5512) - 1.9.0.5512 (01b62ad47)","default"
original,"Texture2D<R16F>.Load linear",127.1638,0.9447,4.12706,3.99540,6.78,ok,"AMD Radeon(TM) Graphics",0x1002,0x1638,"2.0.279",1.3.260,"dxc dxcompiler.dll: 1.9(5512-01b62ad4)(1.9.0.5512) - 1.9.0.5512 (01b62ad47)","default"
original,"Texture2D<R16F>.Load random",127.1868,0.9445,4.09924,3.99536,6.78,ok,"AMD Radeon(TM) Graphics",0x1002,0x1638,"2.0.279",1.3.260,"dxc dxcompiler.dll: 1.9(5512-01b62ad4)(1.9.0.5512) - 1.9.0.5512 (01b62ad47)","default"
original,"Texture2D<RG16F>.Load uniform",127.1962,0.9445,4.10830,3.99636,6.71,ok,"AMD Radeon(TM) Graphics",0x1002,0x1638,"2.0.279",1.3.260,"dxc dxcompiler.dll: 1.9(5512-01b62ad4)(1.9.0.5512) - 1.9.0.5512 (01b62ad47)","default"
original,"Texture2D<RG16F>.Load linear",127.0564,0.9455,4.10528,3.99544,6.64,ok,"AMD Radeon(TM) Graphics",0x1002,0x1638,"2.0.279",1.3.260,"dxc dxcompiler.dll: 1.9(5512-01b62ad4)(1.9.0.5512) - 1.9.0.5512 (01b62ad47)","default"
original,"Texture2D<RG16F>.Load random",126.9663,0.9462,4.09812,3.99548,6.64,ok,"AMD Radeon(TM) Graphics",0x1002,0x1638,"2.0.279",1.3.260,"dxc dxcompiler.dll: 1.9(5512-01b62ad4)(1.9.0.5512) - 1.9.0.5512 (01b62ad47)","default"
original,"Texture2D<RGBA16F>.Load uniform",127.0070,0.9459,4.10338,3.99628,6.73,ok,"AMD Radeon(TM) Graphics",0x1002,0x1638,"2.0.279",1.3.260,"dxc dxcompiler.dll: 1.9(5512-01b62ad4)(1.9.0.5512) - 1.9.0.5512 (01b62ad47)","default"
original,"Texture2D<RGBA16F>.Load linear",126.9488,0.9463,4.09286,3.99600,6.74,ok,"AMD Radeon(TM) Graphics",0x1002,0x1638,"2.0.279",1.3.260,"dxc dxcompiler.dll: 1.9(5512-01b62ad4)(1.9.0.5512) - 1.9.0.5512 (01b62ad47)","default"
original,"Texture2D<RGBA16F>.Load random",253.8480,0.4733,8.17132,7.99012,6.94,ok,"AMD Radeon(TM) Graphics",0x1002,0x1638,"2.0.279",1.3.260,"dxc dxcompiler.dll: 1.9(5512-01b62ad4)(1.9.0.5512) - 1.9.0.5512 (01b62ad47)","default"
original,"Texture2D<R32F>.Load uniform",126.4471,0.9501,4.05766,3.99608,6.72,ok,"AMD Radeon(TM) Graphics",0x1002,0x1638,"2.0.279",1.3.260,"dxc dxcompiler.dll: 1.9(5512-01b62ad4)(1.9.0.5512) - 1.9.0.5512 (01b62ad47)","default"
original,"Texture2D<R32F>.Load linear",126.0490,0.9531,4.03078,3.99552,6.71,ok,"AMD Radeon(TM) Graphics",0x1002,0x1638,"2.0.279",1.3.260,"dxc dxcompiler.dll: 1.9(5512-01b62ad4)(1.9.0.5512) - 1.9.0.5512 (01b62ad47)","default"
original,"Texture2D<R32F>.Load random",125.7158,0.9556,4.03382,3.99560,6.51,ok,"AMD Radeon(TM) Graphics",0x1002,0x1638,"2.0.279",1.3.260,"dxc dxcompiler.dll: 1.9(5512-01b62ad4)(1.9.0.5512) - 1.9.0.5512 (01b62ad47)","default"
original,"Texture2D<RG32F>.Load uniform",125.3793,0.9582,4.01438,3.99588,6.32,ok,"AMD Radeon(TM) Graphics",0x1002,0x1638,"2.0.279",1.3.260,"dxc dxcompiler.dll: 1.9(5512-01b62ad4)(1.9.0.5512) - 1.9.0.5512 (01b62ad47)","default"
original,"Texture2D<RG32F>.Load linear",124.9769,0.9612,4.02852,3.99576,6.00,ok,"AMD Radeon(TM) Graphics",0x1002,0x1638,"2.0.279",1.3.260,"dxc dxcompiler.dll: 1.9(5512-01b62ad4)(1.9.0.5512) - 1.9.0.5512 (01b62ad47)","default"
original,"Texture2D<RG32F>.Load random",248.9298,0.4826,8.03758,7.99000,5.63,ok,"AMD Radeon(TM) Graphics",0x1002,0x1638,"2.0.279",1.3.260,"dxc dxcompiler.dll: 1.9(5512-01b62ad4)(1.9.0.5512) - 1.9.0.5512 (01b62ad47)","default"
original,"Texture2D<RGBA32F>.Load uniform",123.7926,0.9704,4.00956,3.99632,5.03,ok,"AMD Radeon(TM) Graphics",0x1002,0x1638,"2.0.279",1.3.260,"dxc dxcompiler.dll: 1.9(5512-01b62ad4)(1.9.0.5512) - 1.9.0.5512 (01b62ad47)","default"
original,"Texture2D<RGBA32F>.Load linear",185.0108,0.6493,5.99806,5.99272,4.64,ok,"AMD Radeon(TM) Graphics",0x1002,0x1638,"2.0.279",1.3.260,"dxc dxcompiler.dll: 1.9(5512-01b62ad4)(1.9.0.5512) - 1.9.0.5512 (01b62ad47)","default"
original,"Texture2D<RGBA32F>.Load random",245.6101,0.4891,8.01240,7.99024,3.95,ok,"AMD Radeon(TM) Graphics",0x1002,0x1638,"2.0.279",1.3.260,"dxc dxcompiler.dll: 1.9(5512-01b62ad4)(1.9.0.5512) - 1.9.0.5512 (01b62ad47)","default"
original,"Texture2D<R8>.Sample(nearest) uniform",122.5024,0.9807,3.99916,3.99576,3.71,ok,"AMD Radeon(TM) Graphics",0x1002,0x1638,"2.0.279",1.3.260,"dxc dxcompiler.dll: 1.9(5512-01b62ad4)(1.9.0.5512) - 1.9.0.5512 (01b62ad47)","default"
original,"Texture2D<R8>.Sample(nearest) linear",122.4199,0.9813,4.00474,3.99568,3.62,ok,"AMD Radeon(TM) Graphics",0x1002,0x1638,"2.0.279",1.3.260,"dxc dxcompiler.dll: 1.9(5512-01b62ad4)(1.9.0.5512) - 1.9.0.5512 (01b62ad47)","default"
original,"Texture2D<R8>.Sample(nearest) random",122.3737,0.9817,4.00030,3.99576,3.63,ok,"AMD Radeon(TM) Graphics",0x1002,0x1638,"2.0.279",1.3.260,"dxc dxcompiler.dll: 1.9(5512-01b62ad4)(1.9.0.5512) - 1.9.0.5512 (01b62ad47)","default"
original,"Texture2D<RG8>.Sample(nearest) uniform",122.5186,0.9805,4.00504,3.99564,3.75,ok,"AMD Radeon(TM) Graphics",0x1002,0x1638,"2.0.279",1.3.260,"dxc dxcompiler.dll: 1.9(5512-01b62ad4)(1.9.0.5512) - 1.9.0.5512 (01b62ad47)","default"
original,"Texture2D<RG8>.Sample(nearest) linear",122.6734,0.9793,4.00840,3.99584,3.71,ok,"AMD Radeon(TM) Graphics",0x1002,0x1638,"2.0.279",1.3.260,"dxc dxcompiler.dll: 1.9(5512-01b62ad4)(1.9.0.5512) - 1.9.0.5512 (01b62ad47)","default"
original,"Texture2D<RG8>.Sample(nearest) random",122.9352,0.9772,4.00852,3.99580,3.89,ok,"AMD Radeon(TM) Graphics",0x1002,0x1638,"2.0.279",1.3.260,"dxc dxcompiler.dll: 1.9(5512-01b62ad4)(1.9.0.5512) - 1.9.0.5512 (01b62ad47)","default"
original,"Texture2D<RGBA8>.Sample(nearest) uniform",123.3815,0.9737,4.01748,3.99572,4.18,ok,"AMD Radeon(TM) Graphics",0x1002,0x1638,"2.0.279",1.3.260,"dxc dxcompiler.dll: 1.9(5512-01b62ad4)(1.9.0.5512) - 1.9.0.5512 (01b62ad47)","default"
original,"Texture2D<RGBA8>.Sample(nearest) linear",123.7091,0.9711,4.02808,3.99592,4.50,ok,"AMD Radeon(TM) Graphics",0x1002,0x1638,"2.0.279",1.3.260,"dxc dxcompiler.dll: 1.9(5512-01b62ad4)(1.9.0.5512) - 1.9.0.5512 (01b62ad47)","default"
original,"Texture2D<RGBA8>.Sample(nearest) random",123.9342,0.9693,4.02330,3.99592,4.61,ok,"AMD Radeon(TM) Graphics",0x1002,0x1638,"2.0.279",1.3.260,"dxc dxcompiler.dll: 1.9(5512-01b62ad4)(1.9.0.5512) - 1.9.0.5512 (01b62ad47)","default"
original,"Texture2D<R16F>.Sample(nearest) uniform",124.2891,0.9666,4.03238,3.99556,4.94,ok,"AMD Radeon(TM) Graphics",0x1002,0x1638,"2.0.279",1.3.260,"dxc dxcompiler.dll: 1.9(5512-01b62ad4)(1.9.0.5512) - 1.9.0.5512 (01b62ad47)","default"
original,"Texture2D<R16F>.Sample(nearest) linear",124.6401,0.9638,4.03674,3.99556,5.17,ok,"AMD Radeon(TM) Graphics",0x1002,0x1638,"2.0.279",1.3.260,"dxc dxcompiler.dll: 1.9(5512-01b62ad4)(1.9.0.5512) - 1.9.0.5512 (01b62ad47)","default"
original,"Texture2D<R16F>.Sample(nearest) random",125.0099,0.9610,4.06350,3.99580,5.36,ok,"AMD Radeon(TM) Graphics",0x1002,0x1638,"2.0.279",1.3.260,"dxc dxcompiler.dll: 1.9(5512-01b62ad4)(1.9.0.5512) - 1.9.0.5512 (01b62ad47)","default"
original,"Texture2D<RG16F>.Sample(nearest) uniform",125.2881,0.9589,4.06398,3.99572,5.54,ok,"AMD Radeon(TM) Graphics",0x1002,0x1638,"2.0.279",1.3.260,"dxc dxcompiler.dll: 1.9(5512-01b62ad4)(1.9.0.5512) - 1.9.0.5512 (01b62ad47)","default"
original,"Texture2D<RG16F>.Sample(nearest) linear",125.6278,0.9563,4.06358,3.99584,5.74,ok,"AMD Radeon(TM) Graphics",0x1002,0x1638,"2.0.279",1.3.260,"dxc dxcompiler.dll: 1.9(5512-01b62ad4)(1.9.0.5512) - 1.9.0.5512 (01b62ad47)","default"
original,"Texture2D<RG16F>.Sample(nearest) random",125.7766,0.9551,4.07056,3.99580,5.81,ok,"AMD Radeon(TM) Graphics",0x1002,0x1638,"2.0.279",1.3.260,"dxc dxcompiler.dll: 1.9(5512-01b62ad4)(1.9.0.5512) - 1.9.0.5512 (01b62ad47)","default"
original,"Texture2D<RGBA16F>.Sample(nearest) uniform",125.9058,0.9542,4.08950,3.99612,5.81,ok,"AMD Radeon(TM) Graphics",0x1002,0x1638,"2.0.279",1.3.260,"dxc dxcompiler.dll: 1.9(5512-01b62ad4)(1.9.0.5512) - 1.9.0.5512 (01b62ad47)","default"
original,"Texture2D<RGBA16F>.Sample(nearest) linear",126.0946,0.9527,4.09664,3.99592,5.95,ok,"AMD Radeon(TM) Graphics",0x1002,0x1638,"2.0.279",1.3.260,"dxc dxcompiler.dll: 1.9(5512-01b62ad4)(1.9.0.5512) - 1.9.0.5512 (01b62ad47)","default"
original,"Texture2D<RGBA16F>.Sample(nearest) random",252.6942,0.4754,8.21860,7.99036,6.16,ok,"AMD Radeon(TM) Graphics",0x1002,0x1638,"2.0.279",1.3.260,"dxc dxcompiler.dll: 1.9(5512-01b62ad4)(1.9.0.5512) - 1.9.0.5512 (01b62ad47)","default"
original,"Texture2D<R32F>.Sample(nearest) uniform",126.2711,0.9514,4.07754,3.99568,6.29,ok,"AMD Radeon(TM) Graphics",0x1002,0x1638,"2.0.279",1.3.260,"dxc dxcompiler.dll: 1.9(5512-01b62ad4)(1.9.0.5512) - 1.9.0.5512 (01b62ad47)","default"
original,"Texture2D<R32F>.Sample(nearest) linear",126.1166,0.9526,4.06770,3.99564,6.24,ok,"AMD Radeon(TM) Graphics",0x1002,0x1638,"2.0.279",1.3.260,"dxc dxcompiler.dll: 1.9(5512-01b62ad4)(1.9.0.5512) - 1.9.0.5512 (01b62ad47)","default"
original,"Texture2D<R32F>.Sample(nearest) random",125.9124,0.9541,4.06924,3.99560,6.24,ok,"AMD Radeon(TM) Graphics",0x1002,0x1638,"2.0.279",1.3.260,"dxc dxcompiler.dll: 1.9(5512-01b62ad4)(1.9.0.5512) - 1.9.0.5512 (01b62ad47)","default"
original,"Texture2D<RG32F>.Sample(nearest) uniform",125.6888,0.9558,4.05400,3.99564,6.20,ok,"AMD Radeon(TM) Graphics",0x1002,0x1638,"2.0.279",1.3.260,"dxc dxcompiler.dll: 1.9(5512-01b62ad4)(1.9.0.5512) - 1.9.0.5512 (01b62ad47)","default"
original,"Texture2D<RG32F>.Sample(nearest) linear",125.4517,0.9576,4.02374,3.99604,6.09,ok,"AMD Radeon(TM) Graphics",0x1002,0x1638,"2.0.279",1.3.260,"dxc dxcompiler.dll: 1.9(5512-01b62ad4)(1.9.0.5512) - 1.9.0.5512 (01b62ad47)","default"
original,"Texture2D<RG32F>.Sample(nearest) random",250.2896,0.4800,8.05110,7.99044,5.76,ok,"AMD Radeon(TM) Graphics",0x1002,0x1638,"2.0.279",1.3.260,"dxc dxcompiler.dll: 1.9(5512-01b62ad4)(1.9.0.5512) - 1.9.0.5512 (01b62ad47)","default"
original,"Texture2D<RGBA32F>.Sample(nearest) uniform",124.5868,0.9643,4.00396,3.99584,5.38,ok,"AMD Radeon(TM) Graphics",0x1002,0x1638,"2.0.279",1.3.260,"dxc dxcompiler.dll: 1.9(5512-01b62ad4)(1.9.0.5512) - 1.9.0.5512 (01b62ad47)","default"
original,"Texture2D<RGBA32F>.Sample(nearest) linear",186.2131,0.6451,6.02584,5.99316,5.09,ok,"AMD Radeon(TM) Graphics",0x1002,0x1638,"2.0.279",1.3.260,"dxc dxcompiler.dll: 1.9(5512-01b62ad4)(1.9.0.5512) - 1.9.0.5512 (01b62ad47)","default"
original,"Texture2D<RGBA32F>.Sample(nearest) random",247.4031,0.4856,8.01588,7.99052,4.81,ok,"AMD Radeon(TM) Graphics",0x1002,0x1638,"2.0.279",1.3.260,"dxc dxcompiler.dll: 1.9(5512-01b62ad4)(1.9.0.5512) - 1.9.0.5512 (01b62ad47)","default"
original,"Texture2D<R8>.Sample(bilinear) uniform",123.2274,0.9749,4.00386,3.99560,4.42,ok,"AMD Radeon(TM) Graphics",0x1002,0x1638,"2.0.279",1.3.260,"dxc dxcompiler.dll: 1.9(5512-01b62ad4)(1.9.0.5512) - 1.9.0.5512 (01b62ad47)","default"
original,"Texture2D<R8>.Sample(bilinear) linear",122.9791,0.9769,3.99658,3.99564,4.28,ok,"AMD Radeon(TM) Graphics",0x1002,0x1638,"2.0.279",1.3.260,"dxc dxcompiler.dll: 1.9(5512-01b62ad4)(1.9.0.5512) - 1.9.0.5512 (01b62ad47)","default"
original,"Texture2D<R8>.Sample(bilinear) random",122.9788,0.9769,4.00162,3.99560,4.20,ok,"AMD Radeon(TM) Graphics",0x1002,0x1638,"2.0.279",1.3.260,"dxc dxcompiler.dll: 1.9(5512-01b62ad4)(1.9.0.5512) - 1.9.0.5512 (01b62ad47)","default"
original,"Texture2D<RG8>.Sample(bilinear) uniform",123.1340,0.9756,4.00864,3.99560,4.36,ok,"AMD Radeon(TM) Graphics",0x1002,0x1638,"2.0.279",1.3.260,"dxc dxcompiler.dll: 1.9(5512-01b62ad4)(1.9.0.5512) - 1.9.0.5512 (01b62ad47)","default"
original,"Texture2D<RG8>.Sample(bilinear) linear",123.1056,0.9759,4.00552,3.99584,4.44,ok,"AMD Radeon(TM) Graphics",0x1002,0x1638,"2.0.279",1.3.260,"dxc dxcompiler.dll: 1.9(5512-01b62ad4)(1.9.0.5512) - 1.9.0.5512 (01b62ad47)","default"
original,"Texture2D<RG8>.Sample(bilinear) random",123.2140,0.9750,4.00536,3.99580,4.57,ok,"AMD Radeon(TM) Graphics",0x1002,0x1638,"2.0.279",1.3.260,"dxc dxcompiler.dll: 1.9(5512-01b62ad4)(1.9.0.5512) - 1.9.0.5512 (01b62ad47)","default"
original,"Texture2D<RGBA8>.Sample(bilinear) uniform",123.4384,0.9732,4.01184,3.99568,4.62,ok,"AMD Radeon(TM) Graphics",0x1002,0x1638,"2.0.279",1.3.260,"dxc dxcompiler.dll: 1.9(5512-01b62ad4)(1.9.0.5512) - 1.9.0.5512 (01b62ad47)","default"
original,"Texture2D<RGBA8>.Sample(bilinear) linear",123.6906,0.9712,4.01716,3.99588,4.72,ok,"AMD Radeon(TM) Graphics",0x1002,0x1638,"2.0.279",1.3.260,"dxc dxcompiler.dll: 1.9(5512-01b62ad4)(1.9.0.5512) - 1.9.0.5512 (01b62ad47)","default"
original,"Texture2D<RGBA8>.Sample(bilinear) random",124.0744,0.9682,4.02280,3.99592,4.96,ok,"AMD Radeon(TM) Graphics",0x1002,0x1638,"2.0.279",1.3.260,"dxc dxcompiler.dll: 1.9(5512-01b62ad4)(1.9.0.5512) - 1.9.0.5512 (01b62ad47)","default"
original,"Texture2D<R16F>.Sample(bilinear) uniform",124.4658,0.9652,4.03330,3.99544,5.25,ok,"AMD Radeon(TM) Graphics",0x1002,0x1638,"2.0.279",1.3.260,"dxc dxcompiler.dll: 1.9(5512-01b62ad4)(1.9.0.5512) - 1.9.0.5512 (01b62ad47)","default"
original,"Texture2D<R16F>.Sample(bilinear) linear",125.0412,0.9608,4.04650,3.99572,5.65,ok,"AMD Radeon(TM) Graphics",0x1002,0x1638,"2.0.279",1.3.260,"dxc dxcompiler.dll: 1.9(5512-01b62ad4)(1.9.0.5512) - 1.9.0.5512 (01b62ad47)","default"
original,"Texture2D<R16F>.Sample(bilinear) random",125.4242,0.9578,4.06242,3.99580,5.95,ok,"AMD Radeon(TM) Graphics",0x1002,0x1638,"2.0.279",1.3.260,"dxc dxcompiler.dll: 1.9(5512-01b62ad4)(1.9.0.5512) - 1.9.0.5512 (01b62ad47)","default"
original,"Texture2D<RG16F>.Sample(bilinear) uniform",125.8659,0.9545,4.07770,3.99580,6.29,ok,"AMD Radeon(TM) Graphics",0x1002,0x1638,"2.0.279",1.3.260,"dxc dxcompiler.dll: 1.9(5512-01b62ad4)(1.9.0.5512) - 1.9.0.5512 (01b62ad47)","default"
original,"Texture2D<RG16F>.Sample(bilinear) linear",126.2720,0.9514,4.06698,3.99580,6.77,ok,"AMD Radeon(TM) Graphics",0x1002,0x1638,"2.0.279",1.3.260,"dxc dxcompiler.dll: 1.9(5512-01b62ad4)(1.9.0.5512) - 1.9.0.5512 (01b62ad47)","default"
original,"Texture2D<RG16F>.Sample(bilinear) random",126.6602,0.9485,4.08130,3.99580,7.02,ok,"AMD Radeon(TM) Graphics",0x1002,0x1638,"2.0.279",1.3.260,"dxc dxcompiler.dll: 1.9(5512-01b62ad4)(1.9.0.5512) - 1.9.0.5512 (01b62ad47)","default"
original,"Texture2D<RGBA16F>.Sample(bilinear) uniform",253.8428,0.4733,8.15824,7.99060,7.25,ok,"AMD Radeon(TM) Graphics",0x1002,0x1638,"2.0.279",1.3.260,"dxc dxcompiler.dll: 1.9(5512-01b62ad4)(1.9.0.5512) - 1.9.0.5512 (01b62ad47)","default"
original,"Texture2D<RGBA16F>.Sample(bilinear) linear",253.7488,0.4734,8.14794,7.99064,7.14,ok,"AMD Radeon(TM) Graphics",0x1002,0x1638,"2.0.279",1.3.260,"dxc dxcompiler.dll: 1.9(5512-01b62ad4)(1.9.0.5512) - 1.9.0.5512 (01b62ad47)","default"
original,"Texture2D<RGBA16F>.Sample(bilinear) random",503.0279,0.2388,16.19690,15.97964,6.13,ok,"AMD Radeon(TM) Graphics",0x1002,0x1638,"2.0.279",1.3.260,"dxc dxcompiler.dll: 1.9(5512-01b62ad4)(1.9.0.5512) - 1.9.0.5512 (01b62ad47)","default"
original,"Texture2D<R32F>.Sample(bilinear) uniform",124.1142,0.9679,4.00636,3.99572,4.79,ok,"AMD Radeon(TM) Graphics",0x1002,0x1638,"2.0.279",1.3.260,"dxc dxcompiler.dll: 1.9(5512-01b62ad4)(1.9.0.5512) - 1.9.0.5512 (01b62ad47)","default"
original,"Texture2D<R32F>.Sample(bilinear) linear",123.3047,0.9743,4.00282,3.99568,4.13,ok,"AMD Radeon(TM) Graphics",0x1002,0x1638,"2.0.279",1.3.260,"dxc dxcompiler.dll: 1.9(5512-01b62ad4)(1.9.0.5512) - 1.9.0.5512 (01b62ad47)","default"
original,"Texture2D<R32F>.Sample(bilinear) random",122.8417,0.9780,4.01312,3.99604,3.64,ok,"AMD Radeon(TM) Graphics",0x1002,0x1638,"2.0.279",1.3.260,"dxc dxcompiler.dll: 1.9(5512-01b62ad4)(1.9.0.5512) - 1.9.0.5512 (01b62ad47)","default"
original,"Texture2D<RG32F>.Sample(bilinear) uniform",244.7147,0.4909,8.00370,7.99028,3.23,ok,"AMD Radeon(TM) Graphics",0x1002,0x1638,"2.0.279",1.3.260,"dxc dxcompiler.dll: 1.9(5512-01b62ad4)(1.9.0.5512) - 1.9.0.5512 (01b62ad47)","default"
original,"Texture2D<RG32F>.Sample(bilinear) linear",243.9576,0.4924,8.00258,7.99044,3.00,ok,"AMD Radeon(TM) Graphics",0x1002,0x1638,"2.0.279",1.3.260,"dxc dxcompiler.dll: 1.9(5512-01b62ad4)(1.9.0.5512) - 1.9.0.5512 (01b62ad47)","default"
original,"Texture2D<RG32F>.Sample(bilinear) random",486.9234,0.2467,16.00272,15.97956,3.01,ok,"AMD Radeon(TM) Graphics",0x1002,0x1638,"2.0.279",1.3.260,"dxc dxcompiler.dll: 1.9(5512-01b62ad4)(1.9.0.5512) - 1.9.0.5512 (01b62ad47)","default"
original,"Texture2D<RGBA32F>.Sample(bilinear) uniform",485.3364,0.2475,15.99616,15.97944,2.59,ok,"AMD Radeon(TM) Graphics",0x1002,0x1638,"2.0.279",1.3.260,"dxc dxcompiler.dll: 1.9(5512-01b62ad4)(1.9.0.5512) - 1.9.0.5512 (01b62ad47)","default"
original,"Texture2D<RGBA32F>.Sample(bilinear) linear",726.2646,0.1654,23.97826,23.96876,2.46,ok,"AMD Radeon(TM) Graphics",0x1002,0x1638,"2.0.279",1.3.260,"dxc dxcompiler.dll: 1.9(5512-01b62ad4)(1.9.0.5512) - 1.9.0.5512 (01b62ad47)","default"
original,"Texture2D<RGBA32F>.Sample(bilinear) random",964.5048,0.1246,31.96450,31.95816,1.87,ok,"AMD Radeon(TM) Graphics",0x1002,0x1638,"2.0.279",1.3.260,"dxc dxcompiler.dll: 1.9(5512-01b62ad4)(1.9.0.5512) - 1.9.0.5512 (01b62ad47)","default"
bindless,"texture NonUniform: 1 texture, uniform index (control)",9.1158,13.1787,0.30298,0.30096,1.06,ok,"AMD Radeon(TM) Graphics",0x1002,0x1638,"2.0.279",1.3.260,"dxc dxcompiler.dll: 1.9(5512-01b62ad4)(1.9.0.5512) - 1.9.0.5512 (01b62ad47)","default"
bindless,"texture NonUniform: 1 texture/wave, NonUniformResourceIndex",9.0535,13.2694,0.30060,0.30036,1.13,ok,"AMD Radeon(TM) Graphics",0x1002,0x1638,"2.0.279",1.3.260,"dxc dxcompiler.dll: 1.9(5512-01b62ad4)(1.9.0.5512) - 1.9.0.5512 (01b62ad47)","default"
bindless,"texture NonUniform: 2 textures/wave, NonUniformResourceIndex",15.3397,7.8316,0.50744,0.50628,1.30,ok,"AMD Radeon(TM) Graphics",0x1002,0x1638,"2.0.279",1.3.260,"dxc dxcompiler.dll: 1.9(5512-01b62ad4)(1.9.0.5512) - 1.9.0.5512 (01b62ad47)","default"
bindless,"texture NonUniform: 4 textures/wave, NonUniformResourceIndex",22.9604,5.2322,0.76228,0.76128,1.21,ok,"AMD Radeon(TM) Graphics",0x1002,0x1638,"2.0.279",1.3.260,"dxc dxcompiler.dll: 1.9(5512-01b62ad4)(1.9.0.5512) - 1.9.0.5512 (01b62ad47)","default"
bindless,"texture NonUniform: 8 textures/wave, NonUniformResourceIndex",35.7368,3.3616,1.18548,1.17812,1.50,ok,"AMD Radeon(TM) Graphics",0x1002,0x1638,"2.0.279",1.3.260,"dxc dxcompiler.dll: 1.9(5512-01b62ad4)(1.9.0.5512) - 1.9.0.5512 (01b62ad47)","default"
bindless,"texture NonUniform: 16 textures/wave, NonUniformResourceIndex",88.0915,1.3637,2.93346,2.86168,2.09,ok,"AMD Radeon(TM) Graphics",0x1002,0x1638,"2.0.279",1.3.260,"dxc dxcompiler.dll: 1.9(5512-01b62ad4)(1.9.0.5512) - 1.9.0.5512 (01b62ad47)","default"
bindless,"texture NonUniform: 32 textures/wave, NonUniformResourceIndex",167.8330,0.7158,5.60474,5.35888,3.95,ok,"AMD Radeon(TM) Graphics",0x1002,0x1638,"2.0.279",1.3.260,"dxc dxcompiler.dll: 1.9(5512-01b62ad4)(1.9.0.5512) - 1.9.0.5512 (01b62ad47)","default"
bindless,"texture NonUniform: 1 texture/wave, scalarized (WaveReadLaneFirst loop)",9.4830,12.6683,0.31458,0.30132,4.67,ok,"AMD Radeon(TM) Graphics",0x1002,0x1638,"2.0.279",1.3.260,"dxc dxcompiler.dll: 1.9(5512-01b62ad4)(1.9.0.5512) - 1.9.0.5512 (01b62ad47)","default"
bindless,"texture NonUniform: 2 textures/wave, scalarized (WaveReadLaneFirst loop)",15.9408,7.5363,0.52860,0.50572,4.92,ok,"AMD Radeon(TM) Graphics",0x1002,0x1638,"2.0.279",1.3.260,"dxc dxcompiler.dll: 1.9(5512-01b62ad4)(1.9.0.5512) - 1.9.0.5512 (01b62ad47)","default"
bindless,"texture NonUniform: 4 textures/wave, scalarized (WaveReadLaneFirst loop)",24.0110,5.0033,0.79454,0.76128,4.95,ok,"AMD Radeon(TM) Graphics",0x1002,0x1638,"2.0.279",1.3.260,"dxc dxcompiler.dll: 1.9(5512-01b62ad4)(1.9.0.5512) - 1.9.0.5512 (01b62ad47)","default"
bindless,"texture NonUniform: 8 textures/wave, scalarized (WaveReadLaneFirst loop)",37.3542,3.2161,1.23622,1.17824,5.30,ok,"AMD Radeon(TM) Graphics",0x1002,0x1638,"2.0.279",1.3.260,"dxc dxcompiler.dll: 1.9(5512-01b62ad4)(1.9.0.5512) - 1.9.0.5512 (01b62ad47)","default"
bindless,"texture NonUniform: 16 textures/wave, scalarized (WaveReadLaneFirst loop)",92.0782,1.3047,3.05322,2.87388,6.06,ok,"AMD Radeon(TM) Graphics",0x1002,0x1638,"2.0.279",1.3.260,"dxc dxcompiler.dll: 1.9(5512-01b62ad4)(1.9.0.5512) - 1.9.0.5512 (01b62ad47)","default"
bindless,"texture NonUniform: 32 textures/wave, scalarized (WaveReadLaneFirst loop)",175.7089,0.6837,5.84268,5.36648,7.99,ok,"AMD Radeon(TM) Graphics",0x1002,0x1638,"2.0.279",1.3.260,"dxc dxcompiler.dll: 1.9(5512-01b62ad4)(1.9.0.5512) - 1.9.0.5512 (01b62ad47)","default"
bindless,"working set 16 KB linear, 256 loads: StructuredBuffer<uint4>",33.3512,3.6021,1.10082,1.00124,9.03,ok,"AMD Radeon(TM) Graphics",0x1002,0x1638,"2.0.279",1.3.260,"dxc dxcompiler.dll: 1.9(5512-01b62ad4)(1.9.0.5512) - 1.9.0.5512 (01b62ad47)","default"
bindless,"working set 16 KB linear, 256 loads: ByteAddressBuffer.Load4",33.4316,3.5934,1.09870,1.01064,9.28,ok,"AMD Radeon(TM) Graphics",0x1002,0x1638,"2.0.279",1.3.260,"dxc dxcompiler.dll: 1.9(5512-01b62ad4)(1.9.0.5512) - 1.9.0.5512 (01b62ad47)","default"
bindless,"working set 16 KB linear, 256 loads: raw aligned load (Slang LoadAligned / DXC Load<uint4>)",33.4503,3.5914,1.09684,1.01100,9.21,ok,"AMD Radeon(TM) Graphics",0x1002,0x1638,"2.0.279",1.3.260,"dxc dxcompiler.dll: 1.9(5512-01b62ad4)(1.9.0.5512) - 1.9.0.5512 (01b62ad47)","default"
bindless,"working set 16 KB linear, 256 loads: BDA align16",39.6729,3.0281,1.30216,1.20452,9.46,ok,"AMD Radeon(TM) Graphics",0x1002,0x1638,"2.0.279",1.3.260,"dxc dxcompiler.dll: 1.9(5512-01b62ad4)(1.9.0.5512) - 1.9.0.5512 (01b62ad47)","default"
bindless,"working set 16 KB random, 256 loads: StructuredBuffer<uint4>",78.7286,1.5259,2.57060,2.39632,9.56,ok,"AMD Radeon(TM) Graphics",0x1002,0x1638,"2.0.279",1.3.260,"dxc dxcompiler.dll: 1.9(5512-01b62ad4)(1.9.0.5512) - 1.9.0.5512 (01b62ad47)","default"
bindless,"working set 16 KB random, 256 loads: ByteAddressBuffer.Load4",78.5675,1.5291,2.54202,2.38172,9.85,ok,"AMD Radeon(TM) Graphics",0x1002,0x1638,"2.0.279",1.3.260,"dxc dxcompiler.dll: 1.9(5512-01b62ad4)(1.9.0.5512) - 1.9.0.5512 (01b62ad47)","default"
bindless,"working set 16 KB random, 256 loads: raw aligned load (Slang LoadAligned / DXC Load<uint4>)",78.4895,1.5306,2.52116,2.39668,9.88,ok,"AMD Radeon(TM) Graphics",0x1002,0x1638,"2.0.279",1.3.260,"dxc dxcompiler.dll: 1.9(5512-01b62ad4)(1.9.0.5512) - 1.9.0.5512 (01b62ad47)","default"
bindless,"working set 16 KB random, 256 loads: BDA align16",78.0220,1.5397,2.48876,2.38500,9.97,ok,"AMD Radeon(TM) Graphics",0x1002,0x1638,"2.0.279",1.3.260,"dxc dxcompiler.dll: 1.9(5512-01b62ad4)(1.9.0.5512) - 1.9.0.5512 (01b62ad47)","default"
bindless,"working set 16 KB wave-uniform, 256 loads: StructuredBuffer<uint4>",33.1620,3.6226,1.05670,1.00876,9.82,ok,"AMD Radeon(TM) Graphics",0x1002,0x1638,"2.0.279",1.3.260,"dxc dxcompiler.dll: 1.9(5512-01b62ad4)(1.9.0.5512) - 1.9.0.5512 (01b62ad47)","default"
bindless,"working set 16 KB wave-uniform, 256 loads: ByteAddressBuffer.Load4",33.1286,3.6263,1.04936,1.00888,9.85,ok,"AMD Radeon(TM) Graphics",0x1002,0x1638,"2.0.279",1.3.260,"dxc dxcompiler.dll: 1.9(5512-01b62ad4)(1.9.0.5512) - 1.9.0.5512 (01b62ad47)","default"
bindless,"working set 16 KB wave-coherent, 256 loads: StructuredBuffer<uint4>",33.1324,3.6259,1.04702,1.00876,10.06,ok,"AMD Radeon(TM) Graphics",0x1002,0x1638,"2.0.279",1.3.260,"dxc dxcompiler.dll: 1.9(5512-01b62ad4)(1.9.0.5512) - 1.9.0.5512 (01b62ad47)","default"
bindless,"working set 16 KB wave-coherent, 256 loads: ByteAddressBuffer.Load4",32.9158,3.6497,1.03348,1.00924,9.95,ok,"AMD Radeon(TM) Graphics",0x1002,0x1638,"2.0.279",1.3.260,"dxc dxcompiler.dll: 1.9(5512-01b62ad4)(1.9.0.5512) - 1.9.0.5512 (01b62ad47)","default"
bindless,"working set 256 KB linear, 256 loads: StructuredBuffer<uint4>",59.1118,2.0323,1.95006,1.72088,11.10,ok,"AMD Radeon(TM) Graphics",0x1002,0x1638,"2.0.279",1.3.260,"dxc dxcompiler.dll: 1.9(5512-01b62ad4)(1.9.0.5512) - 1.9.0.5512 (01b62ad47)","default"
bindless,"working set 256 KB linear, 256 loads: ByteAddressBuffer.Load4",61.4421,1.9552,1.98862,1.75124,11.83,ok,"AMD Radeon(TM) Graphics",0x1002,0x1638,"2.0.279",1.3.260,"dxc dxcompiler.dll: 1.9(5512-01b62ad4)(1.9.0.5512) - 1.9.0.5512 (01b62ad47)","default"
bindless,"working set 256 KB linear, 256 loads: raw aligned load (Slang LoadAligned / DXC Load<uint4>)",62.5966,1.9192,2.02438,1.77940,13.08,ok,"AMD Radeon(TM) Graphics",0x1002,0x1638,"2.0.279",1.3.260,"dxc dxcompiler.dll: 1.9(5512-01b62ad4)(1.9.0.5512) - 1.9.0.5512 (01b62ad47)","default"
bindless,"working set 256 KB linear, 256 loads: BDA align16",68.5894,1.7515,2.14696,1.93264,10.87,ok,"AMD Radeon(TM) Graphics",0x1002,0x1638,"2.0.279",1.3.260,"dxc dxcompiler.dll: 1.9(5512-01b62ad4)(1.9.0.5512) - 1.9.0.5512 (01b62ad47)","default"
bindless,"working set 256 KB random, 256 loads: StructuredBuffer<uint4>",282.3522,0.4255,9.14444,8.32656,11.49,ok,"AMD Radeon(TM) Graphics",0x1002,0x1638,"2.0.279",1.3.260,"dxc dxcompiler.dll: 1.9(5512-01b62ad4)(1.9.0.5512) - 1.9.0.5512 (01b62ad47)","default"
bindless,"working set 256 KB random, 256 loads: ByteAddressBuffer.Load4",298.8348,0.4020,9.99256,8.51172,12.77,ok,"AMD Radeon(TM) Graphics",0x1002,0x1638,"2.0.279",1.3.260,"dxc dxcompiler.dll: 1.9(5512-01b62ad4)(1.9.0.5512) - 1.9.0.5512 (01b62ad47)","default"
bindless,"working set 256 KB random, 256 loads: raw aligned load (Slang LoadAligned / DXC Load<uint4>)",305.0781,0.3938,10.02514,8.68956,12.91,ok,"AMD Radeon(TM) Graphics",0x1002,0x1638,"2.0.279",1.3.260,"dxc dxcompiler.dll: 1.9(5512-01b62ad4)(1.9.0.5512) - 1.9.0.5512 (01b62ad47)","default"
bindless,"working set 256 KB random, 256 loads: BDA align16",303.2268,0.3962,9.96236,8.61716,12.83,ok,"AMD Radeon(TM) Graphics",0x1002,0x1638,"2.0.279",1.3.260,"dxc dxcompiler.dll: 1.9(5512-01b62ad4)(1.9.0.5512) - 1.9.0.5512 (01b62ad47)","default"
bindless,"working set 256 KB wave-uniform, 256 loads: StructuredBuffer<uint4>",40.2483,2.9848,1.31420,1.15500,12.34,ok,"AMD Radeon(TM) Graphics",0x1002,0x1638,"2.0.279",1.3.260,"dxc dxcompiler.dll: 1.9(5512-01b62ad4)(1.9.0.5512) - 1.9.0.5512 (01b62ad47)","default"
bindless,"working set 256 KB wave-uniform, 256 loads: ByteAddressBuffer.Load4",40.0429,3.0001,1.30858,1.16120,11.77,ok,"AMD Radeon(TM) Graphics",0x1002,0x1638,"2.0.279",1.3.260,"dxc dxcompiler.dll: 1.9(5512-01b62ad4)(1.9.0.5512) - 1.9.0.5512 (01b62ad47)","default"
bindless,"working set 256 KB wave-coherent, 256 loads: StructuredBuffer<uint4>",72.6783,1.6530,2.36784,2.10144,11.83,ok,"AMD Radeon(TM) Graphics",0x1002,0x1638,"2.0.279",1.3.260,"dxc dxcompiler.dll: 1.9(5512-01b62ad4)(1.9.0.5512) - 1.9.0.5512 (01b62ad47)","default"
bindless,"working set 256 KB wave-coherent, 256 loads: ByteAddressBuffer.Load4",72.0120,1.6682,2.33450,2.07904,11.84,ok,"AMD Radeon(TM) Graphics",0x1002,0x1638,"2.0.279",1.3.260,"dxc dxcompiler.dll: 1.9(5512-01b62ad4)(1.9.0.5512) - 1.9.0.5512 (01b62ad47)","default"
bindless,"working set 4 MB linear, 256 loads: StructuredBuffer<uint4>",69.4402,1.7300,2.19488,1.94324,13.68,ok,"AMD Radeon(TM) Graphics",0x1002,0x1638,"2.0.279",1.3.260,"dxc dxcompiler.dll: 1.9(5512-01b62ad4)(1.9.0.5512) - 1.9.0.5512 (01b62ad47)","default"
bindless,"working set 4 MB linear, 256 loads: ByteAddressBuffer.Load4",70.3212,1.7084,2.39660,1.90272,12.21,ok,"AMD Radeon(TM) Graphics",0x1002,0x1638,"2.0.279",1.3.260,"dxc dxcompiler.dll: 1.9(5512-01b62ad4)(1.9.0.5512) - 1.9.0.5512 (01b62ad47)","default"
bindless,"working set 4 MB linear, 256 loads: raw aligned load (Slang LoadAligned / DXC Load<uint4>)",69.1412,1.7375,2.27176,1.96924,12.16,ok,"AMD Radeon(TM) Graphics",0x1002,0x1638,"2.0.279",1.3.260,"dxc dxcompiler.dll: 1.9(5512-01b62ad4)(1.9.0.5512) - 1.9.0.5512 (01b62ad47)","default"
bindless,"working set 4 MB linear, 256 loads: BDA align16",73.4432,1.6357,2.40920,2.05416,11.29,ok,"AMD Radeon(TM) Graphics",0x1002,0x1638,"2.0.279",1.3.260,"dxc dxcompiler.dll: 1.9(5512-01b62ad4)(1.9.0.5512) - 1.9.0.5512 (01b62ad47)","default"
bindless,"working set 4 MB random, 256 loads: StructuredBuffer<uint4>",2151.9196,0.0558,71.30458,70.55632,2.20,ok,"AMD Radeon(TM) Graphics",0x1002,0x1638,"2.0.279",1.3.260,"dxc dxcompiler.dll: 1.9(5512-01b62ad4)(1.9.0.5512) - 1.9.0.5512 (01b62ad47)","default"
bindless,"working set 4 MB random, 256 loads: ByteAddressBuffer.Load4",2158.9372,0.0556,71.13296,70.52824,3.86,ok,"AMD Radeon(TM) Graphics",0x1002,0x1638,"2.0.279",1.3.260,"dxc dxcompiler.dll: 1.9(5512-01b62ad4)(1.9.0.5512) - 1.9.0.5512 (01b62ad47)","default"
bindless,"working set 4 MB random, 256 loads: raw aligned load (Slang LoadAligned / DXC Load<uint4>)",2150.1183,0.0559,70.95698,70.52320,2.25,ok,"AMD Radeon(TM) Graphics",0x1002,0x1638,"2.0.279",1.3.260,"dxc dxcompiler.dll: 1.9(5512-01b62ad4)(1.9.0.5512) - 1.9.0.5512 (01b62ad47)","default"
bindless,"working set 4 MB random, 256 loads: BDA align16",2157.3727,0.0557,71.12810,70.53196,2.79,ok,"AMD Radeon(TM) Graphics",0x1002,0x1638,"2.0.279",1.3.260,"dxc dxcompiler.dll: 1.9(5512-01b62ad4)(1.9.0.5512) - 1.9.0.5512 (01b62ad47)","default"
bindless,"working set 4 MB wave-uniform, 256 loads: StructuredBuffer<uint4>",45.2788,2.6532,1.49024,1.48300,3.98,ok,"AMD Radeon(TM) Graphics",0x1002,0x1638,"2.0.279",1.3.260,"dxc dxcompiler.dll: 1.9(5512-01b62ad4)(1.9.0.5512) - 1.9.0.5512 (01b62ad47)","default"
bindless,"working set 4 MB wave-uniform, 256 loads: ByteAddressBuffer.Load4",45.5381,2.6381,1.49672,1.48980,3.77,ok,"AMD Radeon(TM) Graphics",0x1002,0x1638,"2.0.279",1.3.260,"dxc dxcompiler.dll: 1.9(5512-01b62ad4)(1.9.0.5512) - 1.9.0.5512 (01b62ad47)","default"
bindless,"working set 4 MB wave-coherent, 256 loads: StructuredBuffer<uint4>",512.6030,0.2344,16.77224,16.72392,4.18,ok,"AMD Radeon(TM) Graphics",0x1002,0x1638,"2.0.279",1.3.260,"dxc dxcompiler.dll: 1.9(5512-01b62ad4)(1.9.0.5512) - 1.9.0.5512 (01b62ad47)","default"
bindless,"working set 4 MB wave-coherent, 256 loads: ByteAddressBuffer.Load4",511.7509,0.2348,16.80654,16.72208,3.52,ok,"AMD Radeon(TM) Graphics",0x1002,0x1638,"2.0.279",1.3.260,"dxc dxcompiler.dll: 1.9(5512-01b62ad4)(1.9.0.5512) - 1.9.0.5512 (01b62ad47)","default"
bindless,"working set 64 MB linear, 32 loads: StructuredBuffer<uint4>",84.3347,1.4245,2.77786,2.75776,2.50,ok,"AMD Radeon(TM) Graphics",0x1002,0x1638,"2.0.279",1.3.260,"dxc dxcompiler.dll: 1.9(5512-01b62ad4)(1.9.0.5512) - 1.9.0.5512 (01b62ad47)","default"
bindless,"working set 64 MB linear, 32 loads: ByteAddressBuffer.Load4",84.1216,1.4281,2.77572,2.75264,2.54,ok,"AMD Radeon(TM) Graphics",0x1002,0x1638,"2.0.279",1.3.260,"dxc dxcompiler.dll: 1.9(5512-01b62ad4)(1.9.0.5512) - 1.9.0.5512 (01b62ad47)","default"
bindless,"working set 64 MB linear, 32 loads: raw aligned load (Slang LoadAligned / DXC Load<uint4>)",83.9882,1.4304,2.77466,2.74428,2.38,ok,"AMD Radeon(TM) Graphics",0x1002,0x1638,"2.0.279",1.3.260,"dxc dxcompiler.dll: 1.9(5512-01b62ad4)(1.9.0.5512) - 1.9.0.5512 (01b62ad47)","default"
bindless,"working set 64 MB linear, 32 loads: BDA align16",84.3449,1.4243,2.77488,2.74988,4.09,ok,"AMD Radeon(TM) Graphics",0x1002,0x1638,"2.0.279",1.3.260,"dxc dxcompiler.dll: 1.9(5512-01b62ad4)(1.9.0.5512) - 1.9.0.5512 (01b62ad47)","default"
bindless,"working set 64 MB random, 32 loads: StructuredBuffer<uint4>",385.3693,0.3117,12.64290,12.54296,3.93,ok,"AMD Radeon(TM) Graphics",0x1002,0x1638,"2.0.279",1.3.260,"dxc dxcompiler.dll: 1.9(5512-01b62ad4)(1.9.0.5512) - 1.9.0.5512 (01b62ad47)","default"
bindless,"working set 64 MB random, 32 loads: ByteAddressBuffer.Load4",385.7533,0.3114,12.70042,12.54180,2.53,ok,"AMD Radeon(TM) Graphics",0x1002,0x1638,"2.0.279",1.3.260,"dxc dxcompiler.dll: 1.9(5512-01b62ad4)(1.9.0.5512) - 1.9.0.5512 (01b62ad47)","default"
bindless,"working set 64 MB random, 32 loads: raw aligned load (Slang LoadAligned / DXC Load<uint4>)",387.8276,0.3098,12.75048,12.54632,3.09,ok,"AMD Radeon(TM) Graphics",0x1002,0x1638,"2.0.279",1.3.260,"dxc dxcompiler.dll: 1.9(5512-01b62ad4)(1.9.0.5512) - 1.9.0.5512 (01b62ad47)","default"
bindless,"working set 64 MB random, 32 loads: BDA align16",382.9025,0.3137,12.65768,12.54308,2.13,ok,"AMD Radeon(TM) Graphics",0x1002,0x1638,"2.0.279",1.3.260,"dxc dxcompiler.dll: 1.9(5512-01b62ad4)(1.9.0.5512) - 1.9.0.5512 (01b62ad47)","default"
bindless,"working set 64 MB wave-uniform, 32 loads: StructuredBuffer<uint4>",6.9080,17.3905,0.22758,0.22472,3.02,ok,"AMD Radeon(TM) Graphics",0x1002,0x1638,"2.0.279",1.3.260,"dxc dxcompiler.dll: 1.9(5512-01b62ad4)(1.9.0.5512) - 1.9.0.5512 (01b62ad47)","default"
bindless,"working set 64 MB wave-uniform, 32 loads: ByteAddressBuffer.Load4",6.9823,17.2055,0.22772,0.22508,7.34,ok,"AMD Radeon(TM) Graphics",0x1002,0x1638,"2.0.279",1.3.260,"dxc dxcompiler.dll: 1.9(5512-01b62ad4)(1.9.0.5512) - 1.9.0.5512 (01b62ad47)","default"
bindless,"working set 64 MB wave-coherent, 32 loads: StructuredBuffer<uint4>",84.8568,1.4157,2.76764,2.74168,6.36,ok,"AMD Radeon(TM) Graphics",0x1002,0x1638,"2.0.279",1.3.260,"dxc dxcompiler.dll: 1.9(5512-01b62ad4)(1.9.0.5512) - 1.9.0.5512 (01b62ad47)","default"
bindless,"working set 64 MB wave-coherent, 32 loads: ByteAddressBuffer.Load4",84.4474,1.4226,2.76614,2.74072,5.73,ok,"AMD Radeon(TM) Graphics",0x1002,0x1638,"2.0.279",1.3.260,"dxc dxcompiler.dll: 1.9(5512-01b62ad4)(1.9.0.5512) - 1.9.0.5512 (01b62ad47)","default"
bindless,"buffer path: raw load<float2> (Slang LoadAligned / DXC Load<T>) uniform",49.0258,2.4504,1.62654,1.62552,1.45,ok,"AMD Radeon(TM) Graphics",0x1002,0x1638,"2.0.279",1.3.260,"dxc dxcompiler.dll: 1.9(5512-01b62ad4)(1.9.0.5512) - 1.9.0.5512 (01b62ad47)","default"
bindless,"buffer path: raw load<float2> (Slang LoadAligned / DXC Load<T>) linear",120.3103,0.9985,3.99606,3.99548,1.10,ok,"AMD Radeon(TM) Graphics",0x1002,0x1638,"2.0.279",1.3.260,"dxc dxcompiler.dll: 1.9(5512-01b62ad4)(1.9.0.5512) - 1.9.0.5512 (01b62ad47)","default"
bindless,"buffer path: raw load<float2> (Slang LoadAligned / DXC Load<T>) random",120.0435,1.0008,3.99602,3.99544,0.43,ok,"AMD Radeon(TM) Graphics",0x1002,0x1638,"2.0.279",1.3.260,"dxc dxcompiler.dll: 1.9(5512-01b62ad4)(1.9.0.5512) - 1.9.0.5512 (01b62ad47)","default"
bindless,"buffer path: raw load<float4> (Slang LoadAligned / DXC Load<T>) uniform",79.4454,1.5122,2.64690,2.64340,0.17,ok,"AMD Radeon(TM) Graphics",0x1002,0x1638,"2.0.279",1.3.260,"dxc dxcompiler.dll: 1.9(5512-01b62ad4)(1.9.0.5512) - 1.9.0.5512 (01b62ad47)","default"
bindless,"buffer path: raw load<float4> (Slang LoadAligned / DXC Load<T>) linear",119.9144,1.0018,3.99646,3.99584,0.05,ok,"AMD Radeon(TM) Graphics",0x1002,0x1638,"2.0.279",1.3.260,"dxc dxcompiler.dll: 1.9(5512-01b62ad4)(1.9.0.5512) - 1.9.0.5512 (01b62ad47)","default"
bindless,"buffer path: raw load<float4> (Slang LoadAligned / DXC Load<T>) random",134.8919,0.8906,4.49532,4.49476,0.07,ok,"AMD Radeon(TM) Graphics",0x1002,0x1638,"2.0.279",1.3.260,"dxc dxcompiler.dll: 1.9(5512-01b62ad4)(1.9.0.5512) - 1.9.0.5512 (01b62ad47)","default"
bindless,"buffer path: BDA float align4 uniform",33.6232,3.5730,1.12066,1.12040,0.04,ok,"AMD Radeon(TM) Graphics",0x1002,0x1638,"2.0.279",1.3.260,"dxc dxcompiler.dll: 1.9(5512-01b62ad4)(1.9.0.5512) - 1.9.0.5512 (01b62ad47)","default"
bindless,"buffer path: BDA float align4 linear",40.6226,2.9573,1.35354,1.35296,0.16,ok,"AMD Radeon(TM) Graphics",0x1002,0x1638,"2.0.279",1.3.260,"dxc dxcompiler.dll: 1.9(5512-01b62ad4)(1.9.0.5512) - 1.9.0.5512 (01b62ad47)","default"
bindless,"buffer path: BDA float align4 random",119.9981,1.0011,3.99584,3.99544,0.29,ok,"AMD Radeon(TM) Graphics",0x1002,0x1638,"2.0.279",1.3.260,"dxc dxcompiler.dll: 1.9(5512-01b62ad4)(1.9.0.5512) - 1.9.0.5512 (01b62ad47)","default"
bindless,"buffer path: BDA float4 align4 uniform",120.1538,0.9998,3.99680,3.99548,0.67,ok,"AMD Radeon(TM) Graphics",0x1002,0x1638,"2.0.279",1.3.260,"dxc dxcompiler.dll: 1.9(5512-01b62ad4)(1.9.0.5512) - 1.9.0.5512 (01b62ad47)","default"
bindless,"buffer path: BDA float4 align4 linear",120.3318,0.9984,3.99676,3.99564,1.03,ok,"AMD Radeon(TM) Graphics",0x1002,0x1638,"2.0.279",1.3.260,"dxc dxcompiler.dll: 1.9(5512-01b62ad4)(1.9.0.5512) - 1.9.0.5512 (01b62ad47)","default"
bindless,"buffer path: BDA float4 align4 random",135.7208,0.8852,4.49546,4.49504,1.66,ok,"AMD Radeon(TM) Graphics",0x1002,0x1638,"2.0.279",1.3.260,"dxc dxcompiler.dll: 1.9(5512-01b62ad4)(1.9.0.5512) - 1.9.0.5512 (01b62ad47)","default"
bindless,"buffer path: BDA float4 align16 uniform",120.9858,0.9930,3.99714,3.99572,2.44,ok,"AMD Radeon(TM) Graphics",0x1002,0x1638,"2.0.279",1.3.260,"dxc dxcompiler.dll: 1.9(5512-01b62ad4)(1.9.0.5512) - 1.9.0.5512 (01b62ad47)","default"
bindless,"buffer path: BDA float4 align16 linear",121.4258,0.9894,3.99686,3.99580,3.16,ok,"AMD Radeon(TM) Graphics",0x1002,0x1638,"2.0.279",1.3.260,"dxc dxcompiler.dll: 1.9(5512-01b62ad4)(1.9.0.5512) - 1.9.0.5512 (01b62ad47)","default"
bindless,"buffer path: BDA float4 align16 random",137.1860,0.8757,4.49598,4.49500,4.07,ok,"AMD Radeon(TM) Graphics",0x1002,0x1638,"2.0.279",1.3.260,"dxc dxcompiler.dll: 1.9(5512-01b62ad4)(1.9.0.5512) - 1.9.0.5512 (01b62ad47)","default"
bindless,"descriptor index: ByteAddressBuffer slot, uniform index .Load uniform",34.3618,3.4961,1.12250,1.12196,4.64,ok,"AMD Radeon(TM) Graphics",0x1002,0x1638,"2.0.279",1.3.260,"dxc dxcompiler.dll: 1.9(5512-01b62ad4)(1.9.0.5512) - 1.9.0.5512 (01b62ad47)","default"
bindless,"descriptor index: ByteAddressBuffer slot, uniform index .Load linear",33.4568,3.5907,1.09196,1.09096,4.88,ok,"AMD Radeon(TM) Graphics",0x1002,0x1638,"2.0.279",1.3.260,"dxc dxcompiler.dll: 1.9(5512-01b62ad4)(1.9.0.5512) - 1.9.0.5512 (01b62ad47)","default"
bindless,"descriptor index: ByteAddressBuffer slot, uniform index .Load random",122.7196,0.9789,3.99588,3.99544,5.33,ok,"AMD Radeon(TM) Graphics",0x1002,0x1638,"2.0.279",1.3.260,"dxc dxcompiler.dll: 1.9(5512-01b62ad4)(1.9.0.5512) - 1.9.0.5512 (01b62ad47)","default"
bindless,"descriptor index: ByteAddressBuffer slot, uniform index .Load4 uniform",81.5930,1.4724,2.65254,2.64368,6.00,ok,"AMD Radeon(TM) Graphics",0x1002,0x1638,"2.0.279",1.3.260,"dxc dxcompiler.dll: 1.9(5512-01b62ad4)(1.9.0.5512) - 1.9.0.5512 (01b62ad47)","default"
bindless,"descriptor index: ByteAddressBuffer slot, uniform index .Load4 linear",123.4270,0.9733,3.99720,3.99604,6.52,ok,"AMD Radeon(TM) Graphics",0x1002,0x1638,"2.0.279",1.3.260,"dxc dxcompiler.dll: 1.9(5512-01b62ad4)(1.9.0.5512) - 1.9.0.5512 (01b62ad47)","default"
bindless,"descriptor index: ByteAddressBuffer slot, uniform index .Load4 random",139.1595,0.8633,4.49606,4.49504,7.26,ok,"AMD Radeon(TM) Graphics",0x1002,0x1638,"2.0.279",1.3.260,"dxc dxcompiler.dll: 1.9(5512-01b62ad4)(1.9.0.5512) - 1.9.0.5512 (01b62ad47)","default"
bindless,"descriptor index: ByteAddressBuffer 8 slots, NonUniform index .Load4 random",653.7186,0.1838,21.00814,21.00288,8.28,ok,"AMD Radeon(TM) Graphics",0x1002,0x1638,"2.0.279",1.3.260,"dxc dxcompiler.dll: 1.9(5512-01b62ad4)(1.9.0.5512) - 1.9.0.5512 (01b62ad47)","default"
bindless,"typed alias: StructuredBuffer<Light|Material>, uniform index uniform",34.5054,3.4816,1.11010,1.10812,8.27,ok,"AMD Radeon(TM) Graphics",0x1002,0x1638,"2.0.279",1.3.260,"dxc dxcompiler.dll: 1.9(5512-01b62ad4)(1.9.0.5512) - 1.9.0.5512 (01b62ad47)","default"
bindless,"typed alias: StructuredBuffer<Light|Material>, uniform index linear",248.3456,0.4837,7.99330,7.99016,8.03,ok,"AMD Radeon(TM) Graphics",0x1002,0x1638,"2.0.279",1.3.260,"dxc dxcompiler.dll: 1.9(5512-01b62ad4)(1.9.0.5512) - 1.9.0.5512 (01b62ad47)","default"
bindless,"typed alias: StructuredBuffer<Light|Material>, uniform index random",247.1527,0.4861,7.99108,7.99004,7.09,ok,"AMD Radeon(TM) Graphics",0x1002,0x1638,"2.0.279",1.3.260,"dxc dxcompiler.dll: 1.9(5512-01b62ad4)(1.9.0.5512) - 1.9.0.5512 (01b62ad47)","default"
bindless,"typed alias: StructuredBuffer<Light|Material>, NonUniform index random",643.3900,0.1867,20.98632,20.98464,5.24,ok,"AMD Radeon(TM) Graphics",0x1002,0x1638,"2.0.279",1.3.260,"dxc dxcompiler.dll: 1.9(5512-01b62ad4)(1.9.0.5512) - 1.9.0.5512 (01b62ad47)","default"
bindless,"8 buffers: 8 slots, uniform index random (control)",137.4092,0.8743,4.50072,4.49580,4.19,ok,"AMD Radeon(TM) Graphics",0x1002,0x1638,"2.0.279",1.3.260,"dxc dxcompiler.dll: 1.9(5512-01b62ad4)(1.9.0.5512) - 1.9.0.5512 (01b62ad47)","default"
bindless,"8 buffers: 8 slots, NonUniform index linear",714.9712,0.1680,23.77116,21.92716,7.32,ok,"AMD Radeon(TM) Graphics",0x1002,0x1638,"2.0.279",1.3.260,"dxc dxcompiler.dll: 1.9(5512-01b62ad4)(1.9.0.5512) - 1.9.0.5512 (01b62ad47)","default"
bindless,"8 buffers: 8 slots, NonUniform index random",746.1384,0.1610,25.29684,21.39256,12.87,ok,"AMD Radeon(TM) Graphics",0x1002,0x1638,"2.0.279",1.3.260,"dxc dxcompiler.dll: 1.9(5512-01b62ad4)(1.9.0.5512) - 1.9.0.5512 (01b62ad47)","default"
bindless,"8 buffers: BDA align16, uniform base random (control)",148.9346,0.8066,5.08118,4.49504,9.53,ok,"AMD Radeon(TM) Graphics",0x1002,0x1638,"2.0.279",1.3.260,"dxc dxcompiler.dll: 1.9(5512-01b62ad4)(1.9.0.5512) - 1.9.0.5512 (01b62ad47)","default"
bindless,"8 buffers: BDA align16, divergent base linear",466.3740,0.2576,15.88692,14.12800,8.18,ok,"AMD Radeon(TM) Graphics",0x1002,0x1638,"2.0.279",1.3.260,"dxc dxcompiler.dll: 1.9(5512-01b62ad4)(1.9.0.5512) - 1.9.0.5512 (01b62ad47)","default"
bindless,"8 buffers: BDA align16, divergent base random",374.1347,0.3211,12.75148,11.25548,8.84,ok,"AMD Radeon(TM) Graphics",0x1002,0x1638,"2.0.279",1.3.260,"dxc dxcompiler.dll: 1.9(5512-01b62ad4)(1.9.0.5512) - 1.9.0.5512 (01b62ad47)","default"
bindless,"8 buffers: one 128 KB slot, uniform offset random (control)",144.8867,0.8292,4.88272,4.49500,7.92,ok,"AMD Radeon(TM) Graphics",0x1002,0x1638,"2.0.279",1.3.260,"dxc dxcompiler.dll: 1.9(5512-01b62ad4)(1.9.0.5512) - 1.9.0.5512 (01b62ad47)","default"
bindless,"8 buffers: one 128 KB slot, divergent offset linear",457.4603,0.2626,15.16826,14.22016,7.75,ok,"AMD Radeon(TM) Graphics",0x1002,0x1638,"2.0.279",1.3.260,"dxc dxcompiler.dll: 1.9(5512-01b62ad4)(1.9.0.5512) - 1.9.0.5512 (01b62ad47)","default"
bindless,"8 buffers: one 128 KB slot, divergent offset random",366.5872,0.3277,12.26532,11.19776,8.52,ok,"AMD Radeon(TM) Graphics",0x1002,0x1638,"2.0.279",1.3.260,"dxc dxcompiler.dll: 1.9(5512-01b62ad4)(1.9.0.5512) - 1.9.0.5512 (01b62ad47)","default"
bindless,"store 64 MB linear, 32 stores: RWStructuredBuffer<uint>",25.3074,4.7470,0.85364,0.73712,4.29,ok,"AMD Radeon(TM) Graphics",0x1002,0x1638,"2.0.279",1.3.260,"dxc dxcompiler.dll: 1.9(5512-01b62ad4)(1.9.0.5512) - 1.9.0.5512 (01b62ad47)","default"
bindless,"store 64 MB linear, 32 stores: RWStructuredBuffer<uint2>",49.3179,2.4359,1.63306,1.49052,3.98,ok,"AMD Radeon(TM) Graphics",0x1002,0x1638,"2.0.279",1.3.260,"dxc dxcompiler.dll: 1.9(5512-01b62ad4)(1.9.0.5512) - 1.9.0.5512 (01b62ad47)","default"
bindless,"store 64 MB linear, 32 stores: RWStructuredBuffer<uint4>",73.6375,1.6314,2.42458,2.35440,5.10,ok,"AMD Radeon(TM) Graphics",0x1002,0x1638,"2.0.279",1.3.260,"dxc dxcompiler.dll: 1.9(5512-01b62ad4)(1.9.0.5512) - 1.9.0.5512 (01b62ad47)","default"
bindless,"store 64 MB linear, 32 stores: RWByteAddressBuffer.Store",23.0728,5.2067,0.74894,0.73624,6.33,ok,"AMD Radeon(TM) Graphics",0x1002,0x1638,"2.0.279",1.3.260,"dxc dxcompiler.dll: 1.9(5512-01b62ad4)(1.9.0.5512) - 1.9.0.5512 (01b62ad47)","default"
bindless,"store 64 MB linear, 32 stores: RWByteAddressBuffer.Store2",46.2608,2.5969,1.50462,1.48728,4.93,ok,"AMD Radeon(TM) Graphics",0x1002,0x1638,"2.0.279",1.3.260,"dxc dxcompiler.dll: 1.9(5512-01b62ad4)(1.9.0.5512) - 1.9.0.5512 (01b62ad47)","default"
bindless,"store 64 MB linear, 32 stores: RWByteAddressBuffer.Store4",72.4494,1.6582,2.37684,2.35532,4.00,ok,"AMD Radeon(TM) Graphics",0x1002,0x1638,"2.0.279",1.3.260,"dxc dxcompiler.dll: 1.9(5512-01b62ad4)(1.9.0.5512) - 1.9.0.5512 (01b62ad47)","default"
bindless,"store 64 MB linear, 32 stores: BDA 4 B",22.7466,5.2814,0.74288,0.73636,4.88,ok,"AMD Radeon(TM) Graphics",0x1002,0x1638,"2.0.279",1.3.260,"dxc dxcompiler.dll: 1.9(5512-01b62ad4)(1.9.0.5512) - 1.9.0.5512 (01b62ad47)","default"
bindless,"store 64 MB linear, 32 stores: BDA 8 B",45.9836,2.6125,1.50464,1.49140,4.23,ok,"AMD Radeon(TM) Graphics",0x1002,0x1638,"2.0.279",1.3.260,"dxc dxcompiler.dll: 1.9(5512-01b62ad4)(1.9.0.5512) - 1.9.0.5512 (01b62ad47)","default"
bindless,"store 64 MB linear, 32 stores: BDA 16 B",72.6196,1.6543,2.38008,2.34288,3.91,ok,"AMD Radeon(TM) Graphics",0x1002,0x1638,"2.0.279",1.3.260,"dxc dxcompiler.dll: 1.9(5512-01b62ad4)(1.9.0.5512) - 1.9.0.5512 (01b62ad47)","default"
bindless,"store 64 MB sparse, 32 stores: RWStructuredBuffer<uint>",227.6826,0.5276,7.50020,7.40828,2.66,ok,"AMD Radeon(TM) Graphics",0x1002,0x1638,"2.0.279",1.3.260,"dxc dxcompiler.dll: 1.9(5512-01b62ad4)(1.9.0.5512) - 1.9.0.5512 (01b62ad47)","default"
bindless,"store 64 MB sparse, 32 stores: RWStructuredBuffer<uint2>",223.4892,0.5375,7.34498,7.28796,2.82,ok,"AMD Radeon(TM) Graphics",0x1002,0x1638,"2.0.279",1.3.260,"dxc dxcompiler.dll: 1.9(5512-01b62ad4)(1.9.0.5512) - 1.9.0.5512 (01b62ad47)","default"
bindless,"store 64 MB sparse, 32 stores: RWStructuredBuffer<uint4>",224.5728,0.5349,7.35798,7.28684,4.05,ok,"AMD Radeon(TM) Graphics",0x1002,0x1638,"2.0.279",1.3.260,"dxc dxcompiler.dll: 1.9(5512-01b62ad4)(1.9.0.5512) - 1.9.0.5512 (01b62ad47)","default"
bindless,"store 64 MB sparse, 32 stores: RWByteAddressBuffer.Store",228.0559,0.5268,7.46510,7.40104,3.87,ok,"AMD Radeon(TM) Graphics",0x1002,0x1638,"2.0.279",1.3.260,"dxc dxcompiler.dll: 1.9(5512-01b62ad4)(1.9.0.5512) - 1.9.0.5512 (01b62ad47)","default"
bindless,"store 64 MB sparse, 32 stores: RWByteAddressBuffer.Store2",224.8218,0.5344,7.38430,7.28176,3.47,ok,"AMD Radeon(TM) Graphics",0x1002,0x1638,"2.0.279",1.3.260,"dxc dxcompiler.dll: 1.9(5512-01b62ad4)(1.9.0.5512) - 1.9.0.5512 (01b62ad47)","default"
bindless,"store 64 MB sparse, 32 stores: RWByteAddressBuffer.Store4",228.0622,0.5268,7.37394,7.28332,5.70,ok,"AMD Radeon(TM) Graphics",0x1002,0x1638,"2.0.279",1.3.260,"dxc dxcompiler.dll: 1.9(5512-01b62ad4)(1.9.0.5512) - 1.9.0.5512 (01b62ad47)","default"
bindless,"store 64 MB sparse, 32 stores: BDA 4 B",230.0994,0.5221,7.53026,7.40024,4.80,ok,"AMD Radeon(TM) Graphics",0x1002,0x1638,"2.0.279",1.3.260,"dxc dxcompiler.dll: 1.9(5512-01b62ad4)(1.9.0.5512) - 1.9.0.5512 (01b62ad47)","default"
bindless,"store 64 MB sparse, 32 stores: BDA 8 B",229.8470,0.5227,7.45776,7.37696,4.99,ok,"AMD Radeon(TM) Graphics",0x1002,0x1638,"2.0.279",1.3.260,"dxc dxcompiler.dll: 1.9(5512-01b62ad4)(1.9.0.5512) - 1.9.0.5512 (01b62ad47)","default"
bindless,"store 64 MB sparse, 32 stores: BDA 16 B",228.2869,0.5262,7.41964,7.36000,6.45,ok,"AMD Radeon(TM) Graphics",0x1002,0x1638,"2.0.279",1.3.260,"dxc dxcompiler.dll: 1.9(5512-01b62ad4)(1.9.0.5512) - 1.9.0.5512 (01b62ad47)","default"
bindless,"store 64 MB random, 32 stores: RWStructuredBuffer<uint>",446.7239,0.2689,14.41434,14.19588,6.99,ok,"AMD Radeon(TM) Graphics",0x1002,0x1638,"2.0.279",1.3.260,"dxc dxcompiler.dll: 1.9(5512-01b62ad4)(1.9.0.5512) - 1.9.0.5512 (01b62ad47)","default"
bindless,"store 64 MB random, 32 stores: RWStructuredBuffer<uint2>",447.6410,0.2684,14.43278,14.19944,6.03,ok,"AMD Radeon(TM) Graphics",0x1002,0x1638,"2.0.279",1.3.260,"dxc dxcompiler.dll: 1.9(5512-01b62ad4)(1.9.0.5512) - 1.9.0.5512 (01b62ad47)","default"
bindless,"store 64 MB random, 32 stores: RWStructuredBuffer<uint4>",452.3223,0.2656,14.46522,14.19856,7.49,ok,"AMD Radeon(TM) Graphics",0x1002,0x1638,"2.0.279",1.3.260,"dxc dxcompiler.dll: 1.9(5512-01b62ad4)(1.9.0.5512) - 1.9.0.5512 (01b62ad47)","default"
bindless,"store 64 MB random, 32 stores: RWByteAddressBuffer.Store",445.9550,0.2694,14.46004,14.20680,5.81,ok,"AMD Radeon(TM) Graphics",0x1002,0x1638,"2.0.279",1.3.260,"dxc dxcompiler.dll: 1.9(5512-01b62ad4)(1.9.0.5512) - 1.9.0.5512 (01b62ad47)","default"
bindless,"store 64 MB random, 32 stores: RWByteAddressBuffer.Store2",442.2950,0.2716,14.40410,14.20044,5.69,ok,"AMD Radeon(TM) Graphics",0x1002,0x1638,"2.0.279",1.3.260,"dxc dxcompiler.dll: 1.9(5512-01b62ad4)(1.9.0.5512) - 1.9.0.5512 (01b62ad47)","default"
bindless,"store 64 MB random, 32 stores: RWByteAddressBuffer.Store4",441.0992,0.2724,14.39852,14.19904,4.30,ok,"AMD Radeon(TM) Graphics",0x1002,0x1638,"2.0.279",1.3.260,"dxc dxcompiler.dll: 1.9(5512-01b62ad4)(1.9.0.5512) - 1.9.0.5512 (01b62ad47)","default"
bindless,"store 64 MB random, 32 stores: BDA 4 B",443.3974,0.2709,14.36206,14.20092,5.63,ok,"AMD Radeon(TM) Graphics",0x1002,0x1638,"2.0.279",1.3.260,"dxc dxcompiler.dll: 1.9(5512-01b62ad4)(1.9.0.5512) - 1.9.0.5512 (01b62ad47)","default"
bindless,"store 64 MB random, 32 stores: BDA 8 B",440.2406,0.2729,14.36634,14.22040,5.17,ok,"AMD Radeon(TM) Graphics",0x1002,0x1638,"2.0.279",1.3.260,"dxc dxcompiler.dll: 1.9(5512-01b62ad4)(1.9.0.5512) - 1.9.0.5512 (01b62ad47)","default"
bindless,"store 64 MB random, 32 stores: BDA 16 B",486.7479,0.2468,16.01744,15.95024,2.51,ok,"AMD Radeon(TM) Graphics",0x1002,0x1638,"2.0.279",1.3.260,"dxc dxcompiler.dll: 1.9(5512-01b62ad4)(1.9.0.5512) - 1.9.0.5512 (01b62ad47)","default"
bindless,"store 16 KB linear, 256 stores: RWStructuredBuffer<uint4>",60.9892,1.9698,2.00020,1.99784,3.45,ok,"AMD Radeon(TM) Graphics",0x1002,0x1638,"2.0.279",1.3.260,"dxc dxcompiler.dll: 1.9(5512-01b62ad4)(1.9.0.5512) - 1.9.0.5512 (01b62ad47)","default"
bindless,"store 16 KB linear, 256 stores: RWByteAddressBuffer.Store4",61.8748,1.9416,2.02110,2.00384,4.05,ok,"AMD Radeon(TM) Graphics",0x1002,0x1638,"2.0.279",1.3.260,"dxc dxcompiler.dll: 1.9(5512-01b62ad4)(1.9.0.5512) - 1.9.0.5512 (01b62ad47)","default"
bindless,"store 16 KB random, 256 stores: RWStructuredBuffer<uint4>",262.5914,0.4575,8.39724,8.27588,6.29,ok,"AMD Radeon(TM) Graphics",0x1002,0x1638,"2.0.279",1.3.260,"dxc dxcompiler.dll: 1.9(5512-01b62ad4)(1.9.0.5512) - 1.9.0.5512 (01b62ad47)","default"
bindless,"store 16 KB random, 256 stores: RWByteAddressBuffer.Store4",268.8834,0.4468,8.37916,8.26104,9.31,ok,"AMD Radeon(TM) Graphics",0x1002,0x1638,"2.0.279",1.3.260,"dxc dxcompiler.dll: 1.9(5512-01b62ad4)(1.9.0.5512) - 1.9.0.5512 (01b62ad47)","default"
bindless,"store 256 KB linear, 256 stores: RWStructuredBuffer<uint4>",66.0676,1.8183,2.03614,1.99804,10.79,ok,"AMD Radeon(TM) Graphics",0x1002,0x1638,"2.0.279",1.3.260,"dxc dxcompiler.dll: 1.9(5512-01b62ad4)(1.9.0.5512) - 1.9.0.5512 (01b62ad47)","default"
bindless,"store 256 KB linear, 256 stores: RWByteAddressBuffer.Store4",66.7137,1.8007,2.05534,2.00336,11.10,ok,"AMD Radeon(TM) Graphics",0x1002,0x1638,"2.0.279",1.3.260,"dxc dxcompiler.dll: 1.9(5512-01b62ad4)(1.9.0.5512) - 1.9.0.5512 (01b62ad47)","default"
bindless,"store 256 KB random, 256 stores: RWStructuredBuffer<uint4>",536.0759,0.2241,16.31654,16.01732,12.20,ok,"AMD Radeon(TM) Graphics",0x1002,0x1638,"2.0.279",1.3.260,"dxc dxcompiler.dll: 1.9(5512-01b62ad4)(1.9.0.5512) - 1.9.0.5512 (01b62ad47)","default"
bindless,"store 256 KB random, 256 stores: RWByteAddressBuffer.Store4",529.8304,0.2267,16.15048,15.99548,11.38,ok,"AMD Radeon(TM) Graphics",0x1002,0x1638,"2.0.279",1.3.260,"dxc dxcompiler.dll: 1.9(5512-01b62ad4)(1.9.0.5512) - 1.9.0.5512 (01b62ad47)","default"
bindless,"store 4 MB linear, 256 stores: RWStructuredBuffer<uint4>",65.8373,1.8247,2.03560,1.99820,10.19,ok,"AMD Radeon(TM) Graphics",0x1002,0x1638,"2.0.279",1.3.260,"dxc dxcompiler.dll: 1.9(5512-01b62ad4)(1.9.0.5512) - 1.9.0.5512 (01b62ad47)","default"
bindless,"store 4 MB linear, 256 stores: RWByteAddressBuffer.Store4",66.3241,1.8113,2.05378,2.00836,9.89,ok,"AMD Radeon(TM) Graphics",0x1002,0x1638,"2.0.279",1.3.260,"dxc dxcompiler.dll: 1.9(5512-01b62ad4)(1.9.0.5512) - 1.9.0.5512 (01b62ad47)","default"
bindless,"store 4 MB random, 256 stores: RWStructuredBuffer<uint4>",3109.0339,0.0386,101.84898,100.47176,3.95,ok,"AMD Radeon(TM) Graphics",0x1002,0x1638,"2.0.279",1.3.260,"dxc dxcompiler.dll: 1.9(5512-01b62ad4)(1.9.0.5512) - 1.9.0.5512 (01b62ad47)","default"
bindless,"store 4 MB random, 256 stores: RWByteAddressBuffer.Store4",3108.9315,0.0386,101.65598,100.15276,4.95,ok,"AMD Radeon(TM) Graphics",0x1002,0x1638,"2.0.279",1.3.260,"dxc dxcompiler.dll: 1.9(5512-01b62ad4)(1.9.0.5512) - 1.9.0.5512 (01b62ad47)","default"
bindless,"atomic append, 100% of lanes: InterlockedAdd per lane",22.6420,5.3058,0.71874,0.71292,17.25,ok,"AMD Radeon(TM) Graphics",0x1002,0x1638,"2.0.279",1.3.260,"dxc dxcompiler.dll: 1.9(5512-01b62ad4)(1.9.0.5512) - 1.9.0.5512 (01b62ad47)","default"
bindless,"atomic append, 100% of lanes: one InterlockedAdd per wave",22.2241,5.4056,0.71778,0.71424,6.31,ok,"AMD Radeon(TM) Graphics",0x1002,0x1638,"2.0.279",1.3.260,"dxc dxcompiler.dll: 1.9(5512-01b62ad4)(1.9.0.5512) - 1.9.0.5512 (01b62ad47)","default"
bindless,"atomic append, 50% of lanes: InterlockedAdd per lane",10.9322,10.9890,0.35590,0.35364,5.24,ok,"AMD Radeon(TM) Graphics",0x1002,0x1638,"2.0.279",1.3.260,"dxc dxcompiler.dll: 1.9(5512-01b62ad4)(1.9.0.5512) - 1.9.0.5512 (01b62ad47)","default"
bindless,"atomic append, 50% of lanes: one InterlockedAdd per wave",11.1946,10.7315,0.36172,0.35860,7.35,ok,"AMD Radeon(TM) Graphics",0x1002,0x1638,"2.0.279",1.3.260,"dxc dxcompiler.dll: 1.9(5512-01b62ad4)(1.9.0.5512) - 1.9.0.5512 (01b62ad47)","default"
bindless,"atomic append, 10% of lanes: InterlockedAdd per lane",5.8098,20.6778,0.19312,0.19268,1.08,ok,"AMD Radeon(TM) Graphics",0x1002,0x1638,"2.0.279",1.3.260,"dxc dxcompiler.dll: 1.9(5512-01b62ad4)(1.9.0.5512) - 1.9.0.5512 (01b62ad47)","default"
bindless,"atomic append, 10% of lanes: one InterlockedAdd per wave",8.6591,13.8737,0.28782,0.28728,1.09,ok,"AMD Radeon(TM) Graphics",0x1002,0x1638,"2.0.279",1.3.260,"dxc dxcompiler.dll: 1.9(5512-01b62ad4)(1.9.0.5512) - 1.9.0.5512 (01b62ad47)","default"
bindless,"atomic histogram 256 bins, uniform: global InterlockedAdd",12.1036,9.9254,0.40230,0.40152,1.18,ok,"AMD Radeon(TM) Graphics",0x1002,0x1638,"2.0.279",1.3.260,"dxc dxcompiler.dll: 1.9(5512-01b62ad4)(1.9.0.5512) - 1.9.0.5512 (01b62ad47)","default"
bindless,"atomic histogram 256 bins, uniform: groupshared, then global",3.8882,30.8967,0.12920,0.12912,1.21,ok,"AMD Radeon(TM) Graphics",0x1002,0x1638,"2.0.279",1.3.260,"dxc dxcompiler.dll: 1.9(5512-01b62ad4)(1.9.0.5512) - 1.9.0.5512 (01b62ad47)","default"
bindless,"atomic histogram 256 bins, skewed (16 hot bins): global InterlockedAdd",28.5007,4.2151,0.94706,0.94680,1.22,ok,"AMD Radeon(TM) Graphics",0x1002,0x1638,"2.0.279",1.3.260,"dxc dxcompiler.dll: 1.9(5512-01b62ad4)(1.9.0.5512) - 1.9.0.5512 (01b62ad47)","default"
bindless,"atomic histogram 256 bins, skewed (16 hot bins): groupshared, then global",5.5376,21.6944,0.18396,0.18364,1.20,ok,"AMD Radeon(TM) Graphics",0x1002,0x1638,"2.0.279",1.3.260,"dxc dxcompiler.dll: 1.9(5512-01b62ad4)(1.9.0.5512) - 1.9.0.5512 (01b62ad47)","default"
bindless,"atomic counters 1: InterlockedAdd",126.3418,0.9509,4.07076,4.05352,7.41,ok,"AMD Radeon(TM) Graphics",0x1002,0x1638,"2.0.279",1.3.260,"dxc dxcompiler.dll: 1.9(5512-01b62ad4)(1.9.0.5512) - 1.9.0.5512 (01b62ad47)","default"
bindless,"atomic counters 1: InterlockedAdd, result used",134.4483,0.8935,4.44974,4.07320,8.12,ok,"AMD Radeon(TM) Graphics",0x1002,0x1638,"2.0.279",1.3.260,"dxc dxcompiler.dll: 1.9(5512-01b62ad4)(1.9.0.5512) - 1.9.0.5512 (01b62ad47)","default"
bindless,"atomic counters 1: InterlockedOr",129.2429,0.9295,4.07630,4.05564,8.34,ok,"AMD Radeon(TM) Graphics",0x1002,0x1638,"2.0.279",1.3.260,"dxc dxcompiler.dll: 1.9(5512-01b62ad4)(1.9.0.5512) - 1.9.0.5512 (01b62ad47)","default"
bindless,"atomic counters 64: InterlockedAdd",30.0068,4.0036,1.00022,1.00012,0.01,ok,"AMD Radeon(TM) Graphics",0x1002,0x1638,"2.0.279",1.3.260,"dxc dxcompiler.dll: 1.9(5512-01b62ad4)(1.9.0.5512) - 1.9.0.5512 (01b62ad47)","default"
bindless,"atomic counters 64: InterlockedAdd, result used",30.0771,3.9942,1.00284,1.00036,0.12,ok,"AMD Radeon(TM) Graphics",0x1002,0x1638,"2.0.279",1.3.260,"dxc dxcompiler.dll: 1.9(5512-01b62ad4)(1.9.0.5512) - 1.9.0.5512 (01b62ad47)","default"
bindless,"atomic counters 64: InterlockedOr",30.0072,4.0035,1.00020,1.00016,0.01,ok,"AMD Radeon(TM) Graphics",0x1002,0x1638,"2.0.279",1.3.260,"dxc dxcompiler.dll: 1.9(5512-01b62ad4)(1.9.0.5512) - 1.9.0.5512 (01b62ad47)","default"
bindless,"atomic counters 4096: InterlockedAdd",31.3268,3.8349,1.04418,1.04364,0.04,ok,"AMD Radeon(TM) Graphics",0x1002,0x1638,"2.0.279",1.3.260,"dxc dxcompiler.dll: 1.9(5512-01b62ad4)(1.9.0.5512) - 1.9.0.5512 (01b62ad47)","default"
bindless,"atomic counters 4096: InterlockedAdd, result used",55.2666,2.1737,1.83996,1.83688,0.37,ok,"AMD Radeon(TM) Graphics",0x1002,0x1638,"2.0.279",1.3.260,"dxc dxcompiler.dll: 1.9(5512-01b62ad4)(1.9.0.5512) - 1.9.0.5512 (01b62ad47)","default"
bindless,"atomic counters 4096: InterlockedOr",31.5673,3.8056,1.04678,1.04312,0.95,ok,"AMD Radeon(TM) Graphics",0x1002,0x1638,"2.0.279",1.3.260,"dxc dxcompiler.dll: 1.9(5512-01b62ad4)(1.9.0.5512) - 1.9.0.5512 (01b62ad47)","default"
bindless,"atomic counters 1M: InterlockedAdd",723.2698,0.1661,24.04340,23.84224,1.21,ok,"AMD Radeon(TM) Graphics",0x1002,0x1638,"2.0.279",1.3.260,"dxc dxcompiler.dll: 1.9(5512-01b62ad4)(1.9.0.5512) - 1.9.0.5512 (01b62ad47)","default"
bindless,"atomic counters 1M: InterlockedAdd, result used",722.4076,0.1663,23.93790,23.83216,1.63,ok,"AMD Radeon(TM) Graphics",0x1002,0x1638,"2.0.279",1.3.260,"dxc dxcompiler.dll: 1.9(5512-01b62ad4)(1.9.0.5512) - 1.9.0.5512 (01b62ad47)","default"
bindless,"atomic counters 1M: InterlockedOr",722.9086,0.1662,23.92508,23.83836,1.49,ok,"AMD Radeon(TM) Graphics",0x1002,0x1638,"2.0.279",1.3.260,"dxc dxcompiler.dll: 1.9(5512-01b62ad4)(1.9.0.5512) - 1.9.0.5512 (01b62ad47)","default"
bindless,"atomic max, 4096 targets: InterlockedMax 32-bit",31.3442,3.8327,1.04486,1.04392,0.05,ok,"AMD Radeon(TM) Graphics",0x1002,0x1638,"2.0.279",1.3.260,"dxc dxcompiler.dll: 1.9(5512-01b62ad4)(1.9.0.5512) - 1.9.0.5512 (01b62ad47)","default"
bindless,"atomic max, 4096 targets: InterlockedMax 64-bit (depth << 32 | id)",33.4456,3.5919,1.11404,1.11244,0.23,ok,"AMD Radeon(TM) Graphics",0x1002,0x1638,"2.0.279",1.3.260,"dxc dxcompiler.dll: 1.9(5512-01b62ad4)(1.9.0.5512) - 1.9.0.5512 (01b62ad47)","default"
bindless,"atomic max, 1M targets: InterlockedMax 32-bit",722.3236,0.1663,23.91236,23.84200,1.37,ok,"AMD Radeon(TM) Graphics",0x1002,0x1638,"2.0.279",1.3.260,"dxc dxcompiler.dll: 1.9(5512-01b62ad4)(1.9.0.5512) - 1.9.0.5512 (01b62ad47)","default"
bindless,"atomic max, 1M targets: InterlockedMax 64-bit (depth << 32 | id)",847.9642,0.1417,28.10458,27.99436,1.48,ok,"AMD Radeon(TM) Graphics",0x1002,0x1638,"2.0.279",1.3.260,"dxc dxcompiler.dll: 1.9(5512-01b62ad4)(1.9.0.5512) - 1.9.0.5512 (01b62ad47)","default"
